"Group","Group","Group","Тип","Продолжительность","Начало","Конец","Комментарий"
"","","","Отдых","02:00:00","2026-10-03 08:00:00","2026-10-03 10:00:00",""
"Ruby","Работа","Domcap","Отчётность","00:30:00","2026-10-03 07:30:00","2026-10-03 08:00:00",""
"","","","Отдых","15:30:00","2026-10-02 16:00:00","2026-10-03 07:30:00",""
"Ruby","Работа","Domcap","Б портал","02:00:00","2026-10-02 14:00:00","2026-10-02 16:00:00","#7001 правки"
"","","","Отдых","01:00:00","2026-10-02 13:00:00","2026-10-02 14:00:00",""
"Ruby","Работа","Domcap","А портал","03:00:00","2026-10-02 10:00:00","2026-10-02 13:00:00",""
"","","","Отдых","09:00:00","2026-10-02 01:00:00","2026-10-02 10:00:00",""
"Ruby","Работа","Domcap","А портал","02:00:00","2026-10-01 23:00:00","2026-10-02 01:00:00",""
"","","Хобби","Игра","03:00:00","2026-10-01 20:00:00","2026-10-01 23:00:00",""

"Group","Group","Group","Тип","Продолжительность","%"
"","","","Отдых","27:30:00","70,00"
