date,start,end,duration,activity,source
2023-02-11,,,1:50:00,#3310,diary
2023-02-11,,,5:34:00,#3311,diary
2023-03-14,,,2:25:00,#1487,diary
2023-03-15,,,5:32:00,#1487,diary
2023-03-16,,,7:02:00,#1487,diary
2023-03-17,,,1:07:00,#1517,diary
2023-03-21,,,3:32:00,#1051,diary
2023-03-22,,,1:26:00,#878,diary
2023-03-24,,,1:07:00,#1518,diary
2023-03-28,,,3:17:00,#1244,diary
2023-04-03,,,5:59:00,#1487,diary
2023-04-21,,,0:10:00,#1519,diary
2023-04-26,,,0:59:00,#1456,diary
2023-04-26,,,0:06:00,#1487,diary
2023-04-26,,,0:24:00,#685,diary
2023-04-27,,,5:15:00,#1593,diary
2023-04-28,,,2:37:00,#1593,diary
2023-05-03,,,5:39:00,#1593,diary
2023-05-04,,,3:13:00,#1593,diary
2023-05-04,,,0:05:00,#1747,diary
2023-05-05,,,2:15:00,#1593,diary
2023-05-05,,,2:16:00,#1747,diary
2023-05-10,,,3:11:00,#1747,diary
2023-05-11,,,1:40:00,#1593,diary
2023-05-11,,,3:47:00,#1747,diary
2023-05-15,,,2:52:00,#1747,diary
2023-05-16,,,2:02:00,#1747,diary
2023-05-17,,,5:46:00,#1747,diary
2023-05-18,,,4:27:00,#1747,diary
2023-05-19,,,5:46:00,#1747,diary
2023-05-22,,,6:13:00,#1747,diary
2023-05-23,,,7:14:00,#1747,diary
2023-05-25,,,4:27:00,#1747,diary
2023-06-01,,,2:19:00,#1936,diary
2023-06-02,,,1:26:00,#1441,diary
2023-06-05,,,4:48:00,#1441,diary
2023-06-06,,,1:53:00,#1441,diary
2023-06-06,,,2:01:00,#1976,diary
2023-06-16,,,0:37:00,#1976,diary
2023-06-16,,,3:59:00,#2025,diary
2023-06-19,,,5:13:00,#2025,diary
2023-06-20,,,5:38:00,#2025,diary
2023-06-21,,,4:13:00,#2025,diary
2023-06-22,,,6:29:00,#2025,diary
2023-06-23,,,2:47:00,#1818,diary
2023-06-23,,,0:41:00,#2025,diary
2023-06-26,,,1:11:00,#1818,diary
2023-06-26,,,3:43:00,#1978,diary
2023-07-03,,,4:03:00,#1490,diary
2023-07-03,,,0:20:00,#1818,diary
2023-07-03,,,0:26:00,#1978,diary
2023-07-03,,,0:24:00,#2025,diary
2023-07-04,,,3:42:00,#1490,diary
2023-07-04,,,0:03:00,#2025,diary
2023-07-05,,,6:01:00,#1490,diary
2023-07-07,,,5:36:00,#1490,diary
2023-07-07,,,5:15:00,#1490,diary
2023-07-10,,,3:45:00,#1490,diary
2023-07-11,,,3:47:00,#1490,diary
2023-07-12,,,5:39:00,#1490,diary
2023-07-13,,,3:12:00,#1490,diary
2023-07-13,,,2:48:00,#2025,diary
2023-07-14,,,0:49:00,#1756,diary
2023-07-14,,,2:23:00,#2120,diary
2023-07-17,,,5:04:00,#1756,diary
2023-07-18,,,6:03:00,#1756,diary
2023-07-19,,,6:41:00,#1756,diary
2023-07-20,,,2:50:00,#1756,diary
2023-07-21,,,5:04:00,#1756,diary
2023-07-24,,,2:09:00,#1756,diary
2023-07-25,,,4:53:00,#1756,diary
2023-07-26,,,1:29:00,#1756,diary
2023-07-27,,,3:47:00,#1756,diary
2023-07-28,,,5:57:00,#1756,diary
2023-07-31,,,6:27:00,#1756,diary
2023-08-01,,,5:34:00,#1756,diary
2023-08-02,,,6:19:00,#1756,diary
2023-08-03,,,6:49:00,#1756,diary
2023-08-04,,,8:24:00,#1756,diary
2023-08-07,,,0:46:00,#1698,diary
2023-08-07,,,3:28:00,#1756,diary
2023-08-08,,,0:41:00,#1698,diary
2023-08-08,,,6:09:00,#1756,diary
2023-08-10,,,6:52:00,#1698,diary
2023-08-10,,,5:51:00,#1756,diary
2023-08-10,,,1:03:00,#1756,diary
2023-08-11,,,2:20:00,#1698,diary
2023-08-11,,,2:20:00,#1756,diary
2023-08-14,,,2:54:00,#1698,diary
2023-08-14,,,0:41:00,#1756,diary
2023-08-15,,,7:43:00,#1698,diary
2023-08-16,,,5:45:00,#1698,diary
2023-08-17,,,4:04:00,#1698,diary
2023-08-18,,,7:31:00,#1698,diary
2023-08-18,,,1:28:00,#1756,diary
2023-08-21,,,2:03:00,"#2334, #2348, #2345",diary
2023-08-22,,,4:01:00,"#2334, #2348, #2345",diary
2023-08-23,,,7:02:00,"#2334, #2348, #2345",diary
2023-08-24,,,2:24:00,"#2334, #2348, #2345",diary
2023-08-25,,,5:40:00,"#2334, #2348, #2345",diary
2023-08-28,,,0:44:00,#1698,diary
2023-08-28,,,3:23:00,#2252,diary
2023-08-28,,,1:01:00,#2372,diary
2023-08-29,,,1:22:00,#1698,diary
2023-08-29,,,0:54:00,#2252,diary
2023-08-29,,,4:17:00,#2372,diary
2023-08-30,,,4:50:00,#1698,diary
2023-08-30,,,0:20:00,#2388,diary
2023-08-31,,,1:30:00,#1698,diary
2023-08-31,,,0:13:00,#2372,diary
2023-08-31,,,0:47:00,#2388,diary
2023-09-01,,,3:10:00,#1698,diary
2023-09-01,,,0:21:00,#2387,diary
2023-09-04,,,1:51:00,#1698,diary
2023-09-04,,,4:58:00,#2299,diary
2023-09-05,,,4:04:00,#2299,diary
2023-09-06,,,2:00:00,#2299,diary
2023-09-07,,,6:22:00,#2299,diary
2023-09-08,,,4:06:00,#2299,diary
2023-09-12,,,3:51:00,#2182,diary
2023-09-12,,,1:01:00,#2441,diary
2023-09-13,,,2:24:00,#1842,diary
2023-09-13,,,3:19:00,#2182,diary
2023-09-15,,,0:44:00,#1842,diary
2023-09-15,,,0:42:00,#2182,diary
2023-09-15,,,3:09:00,#2386,diary
2023-09-18,,,2:47:00,#2386,diary
2023-09-18,,,2:10:00,#2490,diary
2023-09-19,,,3:45:00,#1698,diary
2023-09-19,,,0:24:00,#1842,diary
2023-09-19,,,0:40:00,#2490,diary
2023-09-20,,,6:44:00,#1698,diary
2023-09-20,,,0:17:00,#2490,diary
2023-09-22,,,2:47:00,#1698,diary
2023-09-22,,,2:07:00,#2386,diary
2023-09-22,,,3:10:00,#2490,diary
2023-09-22,,,6:19:00,#2490,diary
2023-09-25,,,3:24:00,#2490,diary
2023-09-26,,,0:36:00,#2162,diary
2023-09-26,,,1:51:00,#2490,diary
2023-09-27,,,8:02:00,#889,diary
2023-09-28,,,1:44:00,#2402,diary
2023-09-28,,,3:40:00,#889,diary
2023-09-29,,,2:53:00,#2387,diary
2023-09-29,,,1:11:00,#2402,diary
2023-09-29,,,0:11:00,#2490,diary
2023-09-29,,,1:56:00,#2529,diary
2023-09-29,,,0:49:00,#889,diary
2023-10-02,,,5:46:00,#2387,diary
2023-10-04,,,4:48:00,#2529,diary
2023-10-05,,,0:34:00,#2387,diary
2023-10-05,,,4:08:00,#2387,diary
2023-10-05,,,4:45:00,#2529,diary
2023-10-05,,,0:58:00,#2529,diary
2023-10-05,,,0:46:00,#2635,diary
2023-10-09,,,7:36:00,#2387,diary
2023-10-10,,,1:34:00,#2387,diary
2023-10-10,,,0:49:00,#2529,diary
2023-10-10,,,1:30:00,#2602,diary
2023-10-11,,,2:40:00,#2386,diary
2023-10-11,,,0:51:00,#2602,diary
2023-10-11,,,0:46:00,#2607,diary
2023-10-12,,,3:51:00,#2386,diary
2023-10-12,,,2:05:00,#2387,diary
2023-10-13,,,6:48:00,#2386,diary
2023-10-13,,,0:29:00,#2607,diary
2023-10-16,,,5:37:00,#2587,diary
2023-10-17,,,5:27:00,#2587,diary
2023-10-17,,,0:33:00,#2607,diary
2023-10-18,,,3:42:00,#2587,diary
2023-10-23,,,0:16:00,#1983,diary
2023-10-23,,,0:10:00,#2372,diary
2023-10-23,,,2:54:00,#2441,diary
2023-10-23,,,0:13:00,#2575,diary
2023-10-23,,,2:50:00,#2587,diary
2023-10-24,,,0:52:00,#1983,diary
2023-10-24,,,0:53:00,#2441,diary
2023-10-24,,,6:35:00,#2575,diary
2023-10-25,,,0:13:00,#1983,diary
2023-10-25,,,5:45:00,"#2575, #2698",diary
2023-10-27,,,4:30:00,#1983,diary
2023-10-27,,,5:50:00,#1983,diary
2023-10-27,,,0:24:00,"#2575, #2698",diary
2023-10-30,,,6:30:00,#1983,diary
2023-10-31,,,7:03:00,#1983,diary
2023-11-01,,,4:20:00,#1983,diary
2023-11-01,,,0:34:00,#2441,diary
2023-11-01,,,0:16:00,#2772,diary
2023-11-02,,,4:36:00,#1983,diary
2023-11-03,,,4:45:00,#1983,diary
2023-11-08,,,4:07:00,#1983,diary
2023-11-08,,,5:08:00,#1983,diary
2023-11-09,,,3:15:00,#1983,diary
2023-11-10,,,0:22:00,#1983,diary
2023-11-10,,,2:28:00,#2587,diary
2023-11-10,,,0:58:00,#2872,diary
2023-11-13,,,4:26:00,#1983,diary
2023-11-13,,,0:16:00,#2635,diary
2023-11-14,,,0:37:00,#1983,diary
2023-11-14,,,0:18:00,#2605,diary
2023-11-14,,,1:52:00,#2635,diary
2023-11-15,,,0:19:00,#1983,diary
2023-11-15,,,4:02:00,#2422,diary
2023-11-15,,,0:30:00,#2605,diary
2023-11-16,,,0:55:00,#1983,diary
2023-11-16,,,3:43:00,#2422,diary
2023-11-16,,,0:30:00,#2575,diary
2023-11-16,,,1:14:00,#2605,diary
2023-11-16,,,1:41:00,#2635,diary
2023-11-17,,,5:31:00,#2605,diary
2023-11-17,,,0:44:00,#2635,diary
2023-11-17,,,0:20:00,#2819,diary
2023-11-17,,,2:28:00,#2852,diary
2023-11-18,,,2:03:00,#2605,diary
2023-11-18,,,0:24:00,#2635,diary
2023-11-18,,,0:13:00,#2819,diary
2023-11-18,,,2:54:00,#2852,diary
2023-11-18,,,0:19:00,#2868,diary
2023-11-19,,,4:45:00,#2852,diary
2023-11-20,,,2:11:00,#2635,diary
2023-11-20,,,2:51:00,#2852,diary
2023-11-23,,,0:44:00,#2830,diary
2023-11-23,,,8:31:00,#2830,diary
2023-11-23,,,8:27:00,"#2852, #2709",diary
2023-11-23,,,1:17:00,"#2852, #2709",diary
2023-11-24,,,0:40:00,#2819,diary
2023-11-24,,,2:56:00,#2830,diary
2023-11-24,,,1:00:00,#2868,diary
2023-11-24,,,2:38:00,#878,diary
2023-11-25,,,1:33:00,#2830,diary
2023-11-25,,,0:13:00,#878,diary
2023-11-25,,,4:17:00,#918,diary
2023-11-26,,,2:13:00,#2830,diary
2023-11-26,,,1:22:00,#918,diary
2023-11-27,,,5:44:00,#2830,diary
2023-11-27,,,0:48:00,#878,diary
2023-11-27,,,0:39:00,#918,diary
2023-11-28,,,2:58:00,#2830,diary
2023-11-28,,,3:46:00,#878,diary
2023-11-28,,,2:39:00,#918,diary
2023-11-29,,,0:04:00,#2605,diary
2023-11-29,,,4:09:00,#2830,diary
2023-11-29,,,0:32:00,#2850,diary
2023-11-29,,,0:49:00,#878,diary
2023-11-30,,,6:24:00,#2685,diary
2023-11-30,,,0:23:00,#2830,diary
2023-11-30,,,0:20:00,#2916,diary
2023-11-30,,,0:57:00,#878,diary
2023-11-30,,,0:43:00,#918,diary
2023-12-01,,,1:55:00,#2685,diary
2023-12-01,,,2:14:00,#2744,diary
2023-12-01,,,4:33:00,#2852,diary
2023-12-01,,,0:31:00,#878,diary
2023-12-02,,,0:22:00,#2422,diary
2023-12-02,,,1:20:00,#2744,diary
2023-12-02,,,1:29:00,#2889,diary
2023-12-02,,,0:36:00,#878,diary
2023-12-03,,,3:11:00,#1050,diary
2023-12-03,,,0:54:00,#1051,diary
2023-12-03,,,1:45:00,#2374,diary
2023-12-03,,,2:11:00,#2920,diary
2023-12-03,,,0:14:00,#878,diary
2023-12-04,,,7:00:00,#2920,diary
2023-12-06,,,7:17:00,#2920,diary
2023-12-07,,,5:34:00,#2920,diary
2023-12-08,,,0:55:00,#2744,diary
2023-12-08,,,1:58:00,#2920,diary
2023-12-08,,,1:50:00,#2959,diary
2023-12-09,,,4:52:00,#2959,diary
2023-12-10,,,1:41:00,#2920,diary
2023-12-10,,,6:17:00,#2959,diary
2023-12-11,,,5:46:00,#2959,diary
2023-12-12,,,5:47:00,#2959,diary
2023-12-13,,,4:58:00,#2959,diary
2023-12-14,,,1:03:00,#2959,diary
2023-12-14,,,1:20:00,#3007,diary
2023-12-14,,,3:21:00,#3008,diary
2023-12-15,,,2:53:00,#1802,diary
2023-12-15,,,1:55:00,#2920,diary
2023-12-15,,,0:18:00,#3007,diary
2023-12-16,,,3:34:00,#1051,diary
2023-12-16,,,0:40:00,#878,diary
2023-12-17,,,1:48:00,#1051,diary
2023-12-17,,,4:17:00,#878,diary
2023-12-18,,,4:56:00,#3006,diary
2023-12-18,,,0:08:00,#878,diary
2023-12-19,,,7:44:00,#3006,diary
2023-12-20,,,10:21:00,#3006,diary
2023-12-21,,,8:23:00,#3006,diary
2023-12-22,,,4:53:00,#3006,diary
2023-12-22,,,2:25:00,#3039,diary
2023-12-23,,,0:28:00,#3006,diary
2023-12-23,,,1:18:00,#3039,diary
2023-12-24,,,9:32:00,#3006,diary
2023-12-24,,,1:00:00,#3039,diary
2023-12-25,,,4:35:00,#3006,diary
2023-12-25,,,2:46:00,#3039,diary
2023-12-26,,,6:41:00,#3006,diary
2023-12-26,,,1:02:00,#3039,diary
2023-12-27,,,0:17:00,#2933,diary
2023-12-27,,,3:08:00,#2959,diary
2023-12-27,,,4:25:00,#3006,diary
2023-12-27,,,0:50:00,#3039,diary
2023-12-28,,,6:16:00,#2933,diary
2023-12-29,,,4:06:00,#2933,diary
2023-12-29,,,0:17:00,#3039,diary
2023-12-29,,,2:52:00,#3084,diary
2023-12-30,,,7:13:00,#2933,diary
2023-12-30,,,0:24:00,#3039,diary
2023-12-31,,,9:33:00,#2933,diary
2024-01-01,,,6:37:00,#2933,diary
2024-01-02,,,8:16:00,#2933,diary
2024-01-03,,,4:43:00,#2933,diary
2024-01-04,,,3:51:00,#2933,diary
2024-01-05,,,5:21:00,#2933,diary
2024-01-06,,,8:38:00,#2933,diary
2024-01-07,,,7:28:00,#2933,diary
2024-01-07,,,2:53:00,#3039,diary
2024-01-08,,,7:45:00,#2933,diary
2024-01-08,,,1:06:00,#3039,diary
2024-01-09,,,2:12:00,"#2629, #3071",diary
2024-01-09,,,5:34:00,"#2933, #3073",diary
2024-01-10,,,4:20:00,#2629,diary
2024-01-10,,,4:17:00,"#2933, #3073",diary
2024-01-11,,,7:24:00,#2933,diary
2024-01-11,,,1:35:00,#3071,diary
2024-01-12,,,7:37:00,#3071,diary
2024-01-13,,,1:07:00,#2933,diary
2024-01-13,,,0:53:00,#3039,diary
2024-01-13,,,0:37:00,#3071,diary
2024-01-14,,,5:31:00,#2933,diary
2024-01-16,,,4:30:00,#3006,diary
2024-01-16,,,1:29:00,#3115,diary
2024-01-17,,,5:50:00,#2933,diary
2024-01-17,,,3:06:00,#3006,diary
2024-01-17,,,0:14:00,#3007,diary
2024-01-17,,,0:45:00,#3071,diary
2024-01-17,,,0:33:00,#3115,diary
2024-01-18,,,6:51:00,#3006,diary
2024-01-19,,,2:28:00,#3006,diary
2024-01-19,,,5:51:00,#3115,diary
2024-01-20,,,5:17:00,#3115,diary
2024-01-21,,,4:46:00,#3115,diary
2024-01-21,,,1:04:00,#3205,diary
2024-01-22,,,2:35:00,#2403,diary
2024-01-22,,,2:05:00,#3115,diary
2024-01-22,,,0:33:00,#3205,diary
2024-01-23,,,4:12:00,#3115,diary
2024-01-23,,,1:25:00,#3205,diary
2024-01-24,,,5:20:00,#2403,diary
2024-01-24,,,1:29:00,#3115,diary
2024-01-25,,,5:53:00,#2403,diary
2024-01-25,,,2:23:00,#3006,diary
2024-01-25,,,0:36:00,#3115,diary
2024-01-26,,,5:55:00,#2403,diary
2024-01-26,,,0:21:00,#3006,diary
2024-01-27,,,1:02:00,"#2403, #3234",diary
2024-01-27,,,4:02:00,#3039,diary
2024-01-27,,,1:38:00,#3237,diary
2024-01-28,,,4:28:00,"#2403, #3234",diary
2024-01-28,,,2:12:00,#3039,diary
2024-01-29,,,7:29:00,"#2403, #3234",diary
2024-01-30,,,7:16:00,"#2403, #3234",diary
2024-01-31,,,5:16:00,"#2403, #3234",diary
2024-02-01,,,3:35:00,"#2403, #3234",diary
2024-02-03,,,6:33:00,"#2403, #3234",diary
2024-02-03,,,1:02:00,"#2403, #3234",diary
2024-02-03,,,3:53:00,#3039,diary
2024-02-03,,,0:39:00,#3248,diary
2024-02-03,,,0:55:00,#3248,diary
2024-02-05,,,5:55:00,#3039,diary
2024-02-06,,,3:39:00,#3039,diary
2024-02-06,,,1:25:00,#3154,diary
2024-02-06,,,6:15:00,#3248,diary
2024-02-06,,,1:32:00,#3248,diary
2024-02-07,,,0:58:00,#2403,diary
2024-02-07,,,0:51:00,#3039,diary
2024-02-07,,,5:00:00,#3154,diary
2024-02-09,,,6:34:00,#3310,diary
2024-02-10,,,7:33:00,#3310,diary
2024-02-12,,,3:58:00,#3311,diary
2024-02-12,,,2:58:00,#3314,diary
2024-02-13,,,0:41:00,#3231,diary
2024-02-13,,,0:30:00,#3310,diary
2024-02-13,,,6:16:00,#3311,diary
2024-02-14,,,3:27:00,#2471,diary
2024-02-14,,,0:33:00,#3231,diary
2024-02-14,,,0:50:00,#3311,diary
2024-02-14,,,2:07:00,#3341,diary
2024-02-15,,,2:56:00,#2471,diary
2024-02-15,,,1:03:00,#3269,diary
2024-02-15,,,0:37:00,#3311,diary
2024-02-15,,,1:07:00,#3341,diary
2024-02-15,,,0:49:00,#3354,diary
2024-02-16,,,7:36:00,#3269,diary
2024-02-17,,,5:30:00,#3269,diary
2024-02-18,,,4:42:00,#2700,diary
2024-02-18,,,4:13:00,#3269,diary
2024-02-19,,,4:46:00,#2700,diary
2024-02-19,,,1:19:00,#3341,diary
2024-02-20,,,6:18:00,#2700,diary
2024-02-20,,,1:01:00,#3341,diary
2024-02-21,,,0:54:00,#3231,diary
2024-02-21,,,2:17:00,#3269,diary
2024-02-21,,,3:46:00,#3311,diary
2024-02-21,,,0:39:00,#3341,diary
2024-02-22,,,3:55:00,#3269,diary
2024-02-22,,,0:47:00,#3311,diary
2024-02-22,,,0:49:00,#3341,diary
2024-02-22,,,0:51:00,#3397,diary
2024-02-23,,,6:11:00,#3311,diary
2024-02-24,,,6:11:00,#3311,diary
2024-02-24,,,0:58:00,#3341,diary
2024-02-25,,,6:02:00,#3311,diary
2024-02-25,,,1:47:00,#3341,diary
2024-02-26,,,0:34:00,#3118,diary
2024-02-26,,,1:55:00,#3164,diary
2024-02-26,,,0:26:00,#3239,diary
2024-02-26,,,3:18:00,#3341,diary
2024-02-27,,,1:12:00,#3164,diary
2024-02-27,,,1:33:00,#3311,diary
2024-02-27,,,1:23:00,#3341,diary
2024-02-27,,,1:45:00,#3411,diary
2024-02-28,,,5:29:00,#3164,diary
2024-02-28,,,1:42:00,#3311,diary
2024-02-28,,,0:14:00,#3410,diary
2024-02-29,,,3:29:00,#3164,diary
2024-02-29,,,2:10:00,#3410,diary
2024-03-01,,,2:31:00,#2700,diary
2024-03-01,,,0:46:00,#3341,diary
2024-03-01,,,3:01:00,#3410,diary
2024-03-02,,,0:35:00,#2700,diary
2024-03-02,,,5:56:00,#3341,diary
2024-03-02,,,2:25:00,#3410,diary
2024-03-03,,,6:25:00,#2700,diary
2024-03-03,,,0:37:00,#3410,diary
2024-03-04,,,5:22:00,#2700,diary
2024-03-04,,,1:40:00,#3341,diary
2024-03-04,,,0:10:00,#3410,diary
2024-03-05,,,6:42:00,#2700,diary
2024-03-05,,,1:25:00,#3410,diary
2024-03-06,,,5:33:00,#2700,diary
2024-03-06,,,1:08:00,#3341,diary
2024-03-06,,,0:05:00,#3410,diary
2024-03-07,,,5:28:00,#2700,diary
2024-03-07,,,0:53:00,#3341,diary
2024-03-08,,,7:10:00,#2700,diary
2024-03-08,,,0:14:00,#3410,diary
2024-03-10,,,2:50:00,#2700,diary
2024-03-10,,,3:31:00,#3311,diary
2024-03-10,,,1:02:00,#3461,diary
2024-03-11,,,6:02:00,#2700,diary
2024-03-11,,,1:26:00,#3341,diary
2024-03-12,,,1:10:00,#2700,diary
2024-03-12,,,5:51:00,#3311,diary
2024-03-12,,,0:26:00,#3461,diary
2024-03-13,,,2:01:00,#2700,diary
2024-03-13,,,6:15:00,#3470,diary
2024-03-14,,,4:19:00,#2700,diary
2024-03-14,,,1:22:00,#3311,diary
2024-03-14,,,2:24:00,#3470,diary
2024-03-15,,,4:04:00,#2700,diary
2024-03-15,,,3:27:00,#3470,diary
2024-03-16,,,6:15:00,#2700,diary
2024-03-17,,,5:22:00,#2700,diary
2024-03-17,,,1:04:00,#3289,diary
2024-03-17,,,1:37:00,#3497,diary
2024-03-18,,,6:54:00,#3497,diary
2024-03-19,,,0:05:00,#3233,diary
2024-03-19,,,1:34:00,#3290,diary
2024-03-19,,,3:33:00,#3497,diary
2024-03-20,,,2:10:00,#3233,diary
2024-03-20,,,0:33:00,#3290,diary
2024-03-20,,,3:53:00,#3448,diary
2024-03-21,,,2:06:00,#3310,diary
2024-03-21,,,2:49:00,#3442,diary
2024-03-21,,,1:54:00,#3520,diary
2024-03-21,,,0:22:00,#3523,diary
2024-03-22,,,6:14:00,#3310,diary
2024-03-23,,,4:53:00,#3310,diary
2024-03-24,,,4:58:00,#3310,diary
2024-03-25,,,7:35:00,#3310,diary
2024-03-26,,,6:17:00,#3310,diary
2024-03-27,,,2:08:00,#2922,diary
2024-03-27,,,2:19:00,#3310,diary
2024-03-27,,,1:44:00,#3537,diary
2024-03-28,,,3:50:00,#3003,diary
2024-03-28,,,0:43:00,#3341,diary
2024-03-28,,,0:56:00,#3537,diary
2024-03-28,,,1:20:00,#3558,diary
2024-03-29,,,0:39:00,#3003,diary
2024-03-29,,,2:15:00,#3195,diary
2024-03-29,,,0:33:00,#3310,diary
2024-03-29,,,1:15:00,#3538,diary
2024-03-29,,,1:13:00,#3558,diary
2024-03-30,,,2:29:00,#3003,diary
2024-03-30,,,1:18:00,#3195,diary
2024-03-30,,,2:38:00,#3566,diary
2024-03-30,,,1:12:00,#3572,diary
2024-03-31,,,6:21:00,#3003,diary
2024-04-01,,,3:26:00,#3003,diary
2024-04-01,,,1:39:00,#3449,diary
2024-04-01,,,0:14:00,#3567,diary
2024-04-02,,,6:59:00,#3567,diary
2024-04-03,,,1:39:00,#2922,diary
2024-04-03,,,0:37:00,#3003,diary
2024-04-03,,,3:47:00,#3567,diary
2024-04-03,,,0:29:00,#3572,diary
2024-04-05,,,0:38:00,#3003,diary
2024-04-05,,,0:28:00,#3138,diary
2024-04-05,,,1:56:00,#3138,diary
2024-04-05,,,2:23:00,#3466,diary
2024-04-05,,,1:49:00,#3567,diary
2024-04-05,,,4:07:00,#3601,diary
2024-04-06,,,6:10:00,#3310,diary
2024-04-07,,,0:28:00,#2700,diary
2024-04-07,,,5:09:00,#3310,diary
2024-04-08,,,0:21:00,#3175,diary
2024-04-08,,,5:20:00,#3310,diary
2024-04-08,,,0:58:00,#3608,diary
2024-04-09,,,1:05:00,#2492,diary
2024-04-09,,,1:35:00,#3310,diary
2024-04-09,,,3:37:00,#3542,diary
2024-04-10,,,3:43:00,#3542,diary
2024-04-11,,,2:17:00,#3310,diary
2024-04-11,,,0:12:00,#3510,diary
2024-04-11,,,4:34:00,#3542,diary
2024-04-12,,,0:20:00,#11,diary
2024-04-12,,,4:38:00,#3542,diary
2024-04-13,,,4:42:00,#11,diary
2024-04-13,,,2:40:00,#3542,diary
2024-04-14,,,1:50:00,#11,diary
2024-04-14,,,0:57:00,#12,diary
2024-04-14,,,3:21:00,#3310,diary
2024-04-15,,,4:39:00,#11,diary
2024-04-16,,,2:35:00,#11,diary
2024-04-16,,,2:05:00,#2700,diary
2024-04-16,,,2:33:00,#3442,diary
2024-04-16,,,0:53:00,#3538,diary
2024-04-17,,,3:25:00,#11,diary
2024-04-17,,,1:12:00,#12,diary
2024-04-18,,,2:10:00,#10,diary
2024-04-18,,,2:25:00,#11,diary
2024-04-18,,,0:52:00,#12,diary
2024-04-18,,,1:38:00,#1320,diary
2024-04-18,,,0:49:00,#3655,diary
2024-04-19,,,4:58:00,#1320,diary
2024-04-20,,,7:16:00,#1320,diary
2024-04-21,,,7:09:00,#1320,diary
2024-04-23,,,3:54:00,#1320,diary
2024-04-23,,,6:36:00,#1320,diary
2024-04-24,,,6:42:00,#1320,diary
2024-04-25,,,6:38:00,#1320,diary
2024-04-26,,,4:13:00,#1320,diary
2024-04-27,,,4:18:00,#1320,diary
2024-04-27,,,1:12:00,#2922,diary
2024-04-27,,,0:32:00,#3003,diary
2024-04-27,,,0:39:00,#3442,diary
2024-04-27,,,1:05:00,#3538,diary
2024-04-28,,,6:23:00,#1320,diary
2024-04-29,,,4:44:00,#1320,diary
2024-04-30,,,8:18:00,#1320,diary
2024-05-01,,,3:48:00,#1320,diary
2024-05-01,,,2:11:00,#3729,diary
2024-05-02,,,2:50:00,#1320,diary
2024-05-02,,,3:18:00,#3759,diary
2024-05-03,,,6:11:00,#1320,diary
2024-05-04,,,7:30:00,#1320,diary
2024-05-05,,,5:11:00,#1320,diary
2024-05-06,,,7:21:00,#1320,diary
2024-05-07,,,0:14:00,#1320,diary
2024-05-07,,,2:57:00,#3538,diary
2024-05-07,,,1:22:00,#3706,diary
2024-05-08,,,5:02:00,#3538,diary
2024-05-08,,,0:55:00,#3706,diary
2024-05-09,,,0:23:00,#12,diary
2024-05-09,,,2:07:00,#3538,diary
2024-05-09,,,4:41:00,#3706,diary
2024-05-10,,,1:00:00,#12,diary
2024-05-10,,,2:22:00,#1320,diary
2024-05-10,,,1:11:00,#3706,diary
2024-05-10,,,1:17:00,#3729,diary
2024-05-11,,,7:13:00,#1320,diary
2024-05-12,,,6:28:00,#1320,diary
2024-05-13,,,5:12:00,#1320,diary
2024-05-14,,,7:00:00,#1320,diary
2024-05-14,,,1:45:00,#3703,diary
2024-05-15,,,6:17:00,#3703,diary
2024-05-15,,,0:28:00,#3829,diary
2024-05-16,,,1:49:00,#1836,diary
2024-05-16,,,3:29:00,#3703,diary
2024-05-17,,,3:32:00,#1836,diary
2024-05-17,,,1:37:00,#3538,diary
2024-05-17,,,0:56:00,#3703,diary
2024-05-17,,,1:07:00,#3753,diary
2024-05-18,,,0:14:00,#3538,diary
2024-05-18,,,0:34:00,#3542,diary
2024-05-18,,,0:40:00,#3706,diary
2024-05-18,,,3:13:00,#3753,diary
2024-05-18,,,2:50:00,#3815,diary
2024-05-19,,,2:58:00,#2877,diary
2024-05-19,,,1:17:00,#3730,diary
2024-05-19,,,2:36:00,#3815,diary
2024-05-20,,,1:13:00,#2362,diary
2024-05-20,,,0:29:00,#3175,diary
2024-05-20,,,4:48:00,#3730,diary
2024-05-21,,,1:16:00,#1836,diary
2024-05-21,,,0:24:00,#2362,diary
2024-05-21,,,0:18:00,#2877,diary
2024-05-21,,,1:30:00,#3538,diary
2024-05-21,,,1:44:00,#3542,diary
2024-05-22,,,1:32:00,#1836,diary
2024-05-22,,,1:03:00,#2362,diary
2024-05-22,,,0:46:00,#2877,diary
2024-05-22,,,2:47:00,#3542,diary
2024-05-23,,,3:44:00,#1836,diary
2024-05-23,,,2:28:00,#2362,diary
2024-05-24,,,0:49:00,#1836,diary
2024-05-24,,,2:23:00,#2362,diary
2024-05-25,,,5:32:00,#3175,diary
2024-05-26,,,1:01:00,#2835,diary
2024-05-26,,,4:41:00,#3175,diary
2024-05-27,,,0:17:00,#2835,diary
2024-05-27,,,1:57:00,#3175,diary
2024-05-27,,,4:25:00,#3886,diary
2024-05-28,,,1:00:00,#3175,diary
2024-05-28,,,4:46:00,#3886,diary
2024-05-29,,,2:56:00,#3175,diary
2024-05-29,,,1:12:00,#3542,diary
2024-05-29,,,0:58:00,#3703,diary
2024-05-30,,,3:31:00,#3175,diary
2024-05-30,,,1:06:00,#3542,diary
2024-05-30,,,0:48:00,#3897,diary
2024-05-31,,,4:35:00,#2362,diary
2024-05-31,,,0:27:00,#3542,diary
2024-06-01,,,5:37:00,#2362,diary
2024-06-01,,,0:11:00,#3886,diary
2024-06-02,,,6:28:00,#3886,diary
2024-06-02,,,2:37:00,#3897,diary
2024-06-03,,,4:40:00,#3886,diary
2024-06-03,,,0:54:00,#3888,diary
2024-06-03,,,1:20:00,#3897,diary
2024-06-04,,,6:53:00,#3886,diary
2024-06-04,,,1:10:00,#3888,diary
2024-06-05,,,2:09:00,#1320,diary
2024-06-05,,,4:04:00,#3886,diary
2024-06-06,,,8:09:00,#3886,diary
2024-06-08,,,5:57:00,#3886,diary
2024-06-08,,,0:19:00,#3932,diary
2024-06-08,,,0:34:00,#3936,diary
2024-06-08,,,1:52:00,#3937,diary
2024-06-09,,,7:39:00,#3937,diary
2024-06-10,,,7:39:00,#3937,diary
2024-06-11,,,2:53:00,#1320,diary
2024-06-11,,,1:30:00,#3542,diary
2024-06-11,,,0:16:00,#3933,diary
2024-06-11,,,2:22:00,#3937,diary
2024-06-12,,,1:49:00,#1320,diary
2024-06-12,,,1:32:00,#1372,diary
2024-06-12,,,1:58:00,#3933,diary
2024-06-12,,,1:21:00,#3937,diary
2024-06-13,,,7:36:00,#1372,diary
2024-06-14,,,5:39:00,#1372,diary
2024-06-15,,,4:00:00,#1372,diary
2024-06-15,,,4:14:00,#4019,diary
2024-06-16,,,4:11:00,#1372,diary
2024-06-17,,,4:33:00,#2835,diary
2024-06-17,,,2:03:00,#3444,diary
2024-06-18,,,1:13:00,#1372,diary
2024-06-18,,,0:21:00,#2835,diary
2024-06-18,,,3:35:00,#3152,diary
2024-06-18,,,3:09:00,#4034,diary
2024-06-19,,,5:27:00,#3152,diary
2024-06-19,,,0:43:00,#4034,diary
2024-06-20,,,6:28:00,#3152,diary
2024-06-21,,,0:15:00,#3152,diary
2024-06-21,,,3:24:00,#4060,diary
2024-06-21,,,1:35:00,#4061,diary
2024-06-22,,,0:45:00,#4060,diary
2024-06-22,,,3:34:00,#4061,diary
2024-06-23,,,0:21:00,#3152,diary
2024-06-23,,,6:36:00,#4060,diary
2024-06-24,,,0:18:00,#3152,diary
2024-06-24,,,4:13:00,#4060,diary
2024-06-24,,,1:03:00,#4061,diary
2024-06-25,,,1:11:00,#3152,diary
2024-06-25,,,0:22:00,#4060,diary
2024-06-25,,,5:22:00,#4061,diary
2024-06-25,,,0:22:00,#4064,diary
2024-06-26,,,7:43:00,#3152,diary
2024-06-27,,,5:05:00,#3152,diary
2024-06-27,,,0:31:00,#3647,diary
2024-06-27,,,0:31:00,#4091,diary
2024-06-28,,,1:22:00,#3152,diary
2024-06-28,,,1:13:00,#4092,diary
2024-06-28,,,1:08:00,#4105,diary
2024-06-28,,,1:59:00,#4111,diary
2024-06-29,,,1:01:00,#3152,diary
2024-06-29,,,2:22:00,#4092,diary
2024-06-29,,,1:13:00,#4105,diary
2024-06-30,,,5:02:00,#4105,diary
2024-07-01,,,6:02:00,#4105,diary
2024-07-02,,,7:31:00,#4105,diary
2024-07-03,,,6:48:00,#4105,diary
2024-07-04,,,6:36:00,#4105,diary
2024-07-05,,,5:55:00,#4105,diary
2024-07-06,,,8:42:00,#4105,diary
2024-07-08,,,7:19:00,#4105,diary
2024-07-08,,,6:52:00,#4105,diary
2024-07-09,,,0:57:00,#1372,diary
2024-07-09,,,5:51:00,#4105,diary
2024-07-10,,,3:10:00,#3815,diary
2024-07-10,,,3:41:00,#4105,diary
2024-07-11,,,0:30:00,#1372,diary
2024-07-11,,,0:39:00,#4061,diary
2024-07-11,,,1:26:00,#4153,diary
2024-07-11,,,0:51:00,#4184,diary
2024-07-12,,,1:02:00,#1372,diary
2024-07-12,,,1:30:00,#4198,diary
2024-07-12,,,3:35:00,#4199,diary
2024-07-13,,,3:43:00,#1372,diary
2024-07-13,,,2:42:00,#4180,diary
2024-07-14,,,8:20:00,#4180,diary
2024-07-15,,,6:58:00,#4180,diary
2024-07-16,,,4:15:00,#3937,diary
2024-07-16,,,1:16:00,#4180,diary
2024-07-17,,,2:14:00,#3932,diary
2024-07-17,,,2:01:00,#3937,diary
2024-07-17,,,2:18:00,#4180,diary
2024-07-18,,,4:00:00,#4180,diary
2024-07-18,,,1:38:00,#4235,diary
2024-07-19,,,1:53:00,#1372,diary
2024-07-19,,,2:11:00,#4060,diary
2024-07-19,,,3:00:00,#4180,diary
2024-07-20,,,6:30:00,#3934,diary
2024-07-20,,,1:06:00,#4180,diary
2024-07-22,,,0:33:00,#3932,diary
2024-07-22,,,6:15:00,#3934,diary
2024-07-22,,,2:06:00,#3934,diary
2024-07-22,,,0:54:00,#4178,diary
2024-07-22,,,1:32:00,#4221,diary
2024-07-23,,,7:30:00,#4221,diary
2024-07-24,,,6:11:00,#4270,diary
2024-07-24,,,1:47:00,#4273,diary
2024-07-25,,,0:09:00,#1372,diary
2024-07-25,,,2:37:00,#3934,diary
2024-07-25,,,0:19:00,#4270,diary
2024-07-25,,,1:25:00,#4273,diary
2024-07-26,,,3:44:00,#4184,diary
2024-07-27,,,8:38:00,#4184,diary
2024-07-28,,,6:13:00,#4184,diary
2024-07-29,,,0:29:00,#3886,diary
2024-07-29,,,0:58:00,#4082,diary
2024-07-29,,,4:44:00,#4184,diary
2024-07-30,,,4:02:00,#4105,diary
2024-07-30,,,0:28:00,#4298,diary
2024-07-31,,,1:24:00,#4184,diary
2024-07-31,,,1:57:00,#4316,diary
2024-08-01,,,4:51:00,#4184,diary
2024-08-02,,,0:57:00,#4105,diary
2024-08-02,,,7:02:00,#4184,diary
2024-08-03,,,0:39:00,#4179,diary
2024-08-03,,,3:18:00,#4298,diary
2024-08-03,,,1:56:00,#4338,diary
2024-08-04,,,6:52:00,#4179,diary
2024-08-04,,,0:54:00,#4343,diary
2024-08-05,,,5:14:00,#4073,diary
2024-08-05,,,1:05:00,#4179,diary
2024-08-06,,,5:28:00,#4092,diary
2024-08-06,,,1:07:00,#4270,diary
2024-08-07,,,5:12:00,#4092,diary
2024-08-07,,,1:40:00,#4105,diary
2024-08-07,,,0:55:00,#4298,diary
2024-08-08,,,1:07:00,#4073,diary
2024-08-08,,,5:55:00,#4092,diary
2024-08-09,,,4:01:00,#4092,diary
2024-08-09,,,0:17:00,#4372,diary
2024-08-09,,,0:32:00,#4373,diary
2024-08-09,,,1:47:00,#4378,diary
2024-08-10,,,5:02:00,#4092,diary
2024-08-11,,,5:57:00,#4092,diary
2024-08-11,,,0:12:00,#4199,diary
2024-08-12,,,3:46:00,#4073,diary
2024-08-12,,,3:01:00,#4092,diary
2024-08-12,,,0:55:00,#4316,diary
2024-08-13,,,0:56:00,#3152,diary
2024-08-13,,,1:07:00,#4073,diary
2024-08-13,,,1:00:00,#4092,diary
2024-08-13,,,0:38:00,#4221,diary
2024-08-14,,,5:01:00,#1372,diary
2024-08-14,,,1:16:00,#4092,diary
2024-08-14,,,0:33:00,#4409,diary
2024-08-15,,,1:59:00,#1372,diary
2024-08-15,,,1:45:00,#4092,diary
2024-08-15,,,1:21:00,#4316,diary
2024-08-15,,,0:52:00,#4414,diary
2024-08-16,,,0:52:00,#1372,diary
2024-08-16,,,1:30:00,#3152,diary
2024-08-16,,,0:49:00,#4092,diary
2024-08-16,,,2:44:00,#4422,diary
2024-08-17,,,5:15:00,#4092,diary
2024-08-18,,,7:32:00,#4092,diary
2024-08-19,,,2:36:00,#3175,diary
2024-08-19,,,2:12:00,#4092,diary
2024-08-19,,,1:18:00,#4246,diary
2024-08-19,,,2:22:00,#4373,diary
2024-08-20,,,6:53:00,#3175,diary
2024-08-21,,,2:37:00,#3175,diary
2024-08-21,,,1:35:00,#4083,diary
2024-08-21,,,0:36:00,#4092,diary
2024-08-21,,,0:36:00,#4444,diary
2024-08-21,,,0:23:00,#4450,diary
2024-08-22,,,0:50:00,#1372,diary
2024-08-22,,,0:26:00,#3886,diary
2024-08-22,,,0:10:00,#4083,diary
2024-08-22,,,6:01:00,#4414,diary
2024-08-22,,,1:04:00,#4453,diary
2024-08-23,,,6:19:00,#1372,diary
2024-08-24,,,1:38:00,#1372,diary
2024-08-24,,,0:41:00,#4414,diary
2024-08-24,,,4:44:00,#4463,diary
2024-08-24,,,0:32:00,#4476,diary
2024-08-25,,,0:37:00,#2835,diary
2024-08-25,,,3:51:00,#4142,diary
2024-08-25,,,0:34:00,#4463,diary
2024-08-25,,,0:27:00,#4483,diary
2024-08-26,,,6:16:00,#2835,diary
2024-08-27,,,1:09:00,#1372,diary
2024-08-27,,,3:17:00,#2835,diary
2024-08-27,,,1:20:00,#4491,diary
2024-08-28,,,1:24:00,#2835,diary
2024-08-28,,,5:38:00,#4497,diary
2024-08-29,,,0:21:00,#4453,diary
2024-08-29,,,5:58:00,#4497,diary
2024-08-30,,,7:28:00,#4497,diary
2024-08-31,,,5:09:00,#4497,diary
2024-09-01,,,0:05:00,#4414,diary
2024-09-01,,,8:01:00,#4497,diary
2024-09-02,,,7:15:00,#4497,diary
2024-09-03,,,5:58:00,#4497,diary
2024-09-04,,,3:37:00,#4073,diary
2024-09-04,,,3:06:00,#4497,diary
2024-09-05,,,3:58:00,#1372,diary
2024-09-05,,,3:00:00,#4497,diary
2024-09-05,,,0:24:00,#4551,diary
2024-09-06,,,7:39:00,#4497,diary
2024-09-07,,,7:39:00,#4497,diary
2024-09-08,,,1:34:00,#4394,diary
2024-09-08,,,7:19:00,#4497,diary
2024-09-10,,,7:21:00,#4394,diary
2024-09-11,,,6:07:00,#4394,diary
2024-09-12,,,6:49:00,#4394,diary
2024-09-12,,,1:02:00,#4589,diary
2024-09-13,,,6:17:00,#4394,diary
2024-09-13,,,0:21:00,#4598,diary
2024-09-13,,,2:51:00,#4606,diary
2024-09-14,,,2:12:00,#4394,diary
2024-09-14,,,4:15:00,#4589,diary
2024-09-15,,,5:42:00,#4394,diary
2024-09-16,,,7:26:00,#4394,diary
2024-09-17,,,6:11:00,#4606,diary
2024-09-18,,,1:21:00,#4394,diary
2024-09-18,,,5:54:00,#4606,diary
2024-09-19,,,5:58:00,#4394,diary
2024-09-19,,,0:27:00,#4606,diary
2024-09-20,,,0:49:00,#3886,diary
2024-09-20,,,0:56:00,#4185,diary
2024-09-20,,,2:16:00,#4394,diary
2024-09-20,,,0:38:00,#4522,diary
2024-09-20,,,1:21:00,#4596,diary
2024-09-21,,,5:11:00,#4185,diary
2024-09-21,,,0:57:00,#4596,diary
2024-09-22,,,7:45:00,#4185,diary
2024-09-23,,,0:46:00,#4185,diary
2024-09-23,,,4:50:00,#4394,diary
2024-09-23,,,1:07:00,#4637,diary
2024-09-24,,,2:10:00,#4394,diary
2024-09-24,,,1:32:00,#4589,diary
2024-09-24,,,1:44:00,#4596,diary
2024-09-25,,,1:30:00,#4394,diary
2024-09-25,,,1:21:00,#4596,diary
2024-09-25,,,4:12:00,#4658,diary
2024-09-26,,,5:24:00,#4394,diary
2024-09-26,,,1:33:00,#4596,diary
2024-09-27,,,3:33:00,#4394,diary
2024-09-27,,,1:20:00,#4596,diary
2024-09-28,,,6:05:00,#4394,diary
2024-09-29,,,6:06:00,#4394,diary
2024-09-30,,,1:53:00,#4185,diary
2024-09-30,,,2:56:00,#4394,diary
2024-09-30,,,1:08:00,#4637,diary
2024-10-01,,,0:30:00,#3175,diary
2024-10-01,,,1:21:00,#4185,diary
2024-10-01,,,2:29:00,#4394,diary
2024-10-01,,,0:10:00,#4637,diary
2024-10-02,,,2:39:00,#3175,diary
2024-10-02,,,0:10:00,#4185,diary
2024-10-02,,,3:50:00,#4394,diary
2024-10-03,,,1:48:00,#4185,diary
2024-10-03,,,1:20:00,#4394,diary
2024-10-03,,,3:19:00,#4637,diary
2024-10-04,,,6:02:00,#4185,diary
2024-10-04,,,1:01:00,#4637,diary
2024-10-05,,,7:20:00,#4185,diary
2024-10-06,,,3:07:00,#4185,diary
2024-10-06,,,2:35:00,#4490,diary
2024-10-07,,,5:12:00,#4185,diary
2024-10-07,,,0:38:00,#4490,diary
2024-10-08,,,2:37:00,#4185,diary
2024-10-08,,,0:30:00,#4394,diary
2024-10-08,,,2:08:00,#4490,diary
2024-10-08,,,0:31:00,#4497,diary
2024-10-08,,,0:45:00,#4637,diary
2024-10-09,,,2:43:00,#4490,diary
2024-10-09,,,2:31:00,#4637,diary
2024-10-10,,,1:43:00,#1372,diary
2024-10-10,,,0:47:00,#2835,diary
2024-10-10,,,1:00:00,#4092,diary
2024-10-10,,,1:44:00,#4184,diary
2024-10-11,,,1:20:00,#183,diary
2024-10-11,,,0:52:00,#3703,diary
2024-10-11,,,0:46:00,#4073,diary
2024-10-11,,,2:13:00,#4246,diary
2024-10-11,,,1:27:00,#4745,diary
2024-10-12,,,6:24:00,#4761,diary
2024-10-13,,,7:27:00,#4761,diary
2024-10-14,,,1:08:00,#4745,diary
2024-10-14,,,1:08:00,#4751,diary
2024-10-14,,,5:53:00,#4761,diary
2024-10-15,,,6:56:00,#4751,diary
2024-10-16,,,1:33:00,#4509,diary
2024-10-16,,,3:20:00,#4751,diary
2024-10-17,,,1:11:00,#4497,diary
2024-10-17,,,5:27:00,#4751,diary
2024-10-18,,,1:34:00,#4497,diary
2024-10-18,,,1:46:00,#4751,diary
2024-10-18,,,1:07:00,#4791,diary
2024-10-19,,,4:20:00,#4751,diary
2024-10-19,,,1:24:00,#4791,diary
2024-10-20,,,4:34:00,#4751,diary
2024-10-20,,,2:07:00,#4800,diary
2024-10-21,,,5:33:00,#4751,diary
2024-10-22,,,7:41:00,#4751,diary
2024-10-23,,,1:00:00,#1372,diary
2024-10-23,,,2:51:00,#4394,diary
2024-10-23,,,0:44:00,#4497,diary
2024-10-23,,,1:40:00,#4751,diary
2024-10-23,,,0:24:00,#4761,diary
2024-10-24,,,0:55:00,#4497,diary
2024-10-24,,,5:51:00,#4751,diary
2024-10-25,,,7:27:00,#4497,diary
2024-10-25,,,0:16:00,#4751,diary
2024-10-26,,,0:47:00,#4184,diary
2024-10-26,,,0:55:00,#4185,diary
2024-10-26,,,3:34:00,#4497,diary
2024-10-26,,,1:24:00,#4751,diary
2024-10-27,,,6:02:00,#4751,diary
2024-10-27,,,1:04:00,#4772,diary
2024-10-28,,,1:10:00,#4497,diary
2024-10-28,,,6:11:00,#4772,diary
2024-10-29,,,1:50:00,#3886,diary
2024-10-29,,,1:08:00,#4772,diary
2024-10-29,,,3:07:00,#4861,diary
2024-10-30,,,2:14:00,#3886,diary
2024-10-30,,,1:26:00,#4745,diary
2024-10-30,,,2:12:00,#4761,diary
2024-10-30,,,0:43:00,#4868,diary
2024-10-31,,,1:37:00,#3886,diary
2024-10-31,,,5:23:00,#4497,diary
2024-11-01,,,3:07:00,#4860,diary
2024-11-01,,,1:09:00,#4866,diary
2024-11-01,,,1:33:00,#4898,diary
2024-11-02,,,0:20:00,#4497,diary
2024-11-02,,,0:39:00,#4860,diary
2024-11-02,,,3:20:00,#4907,diary
2024-11-03,,,0:32:00,#4497,diary
2024-11-03,,,3:04:00,#4860,diary
2024-11-03,,,2:02:00,#4866,diary
2024-11-03,,,2:07:00,#4912,diary
2024-11-04,,,2:21:00,#4092,diary
2024-11-04,,,1:09:00,#4860,diary
2024-11-04,,,3:11:00,#4866,diary
2024-11-04,,,1:12:00,#4916,diary
2024-11-05,,,3:11:00,#4866,diary
2024-11-05,,,0:51:00,#4883,diary
2024-11-05,,,1:06:00,#4909,diary
2024-11-05,,,1:37:00,#4926,diary
2024-11-06,,,1:36:00,#4184,diary
2024-11-06,,,3:31:00,#4866,diary
2024-11-06,,,0:12:00,#4909,diary
2024-11-06,,,1:24:00,#4921,diary
2024-11-06,,,1:42:00,#4938,diary
2024-11-07,,,0:23:00,#4866,diary
2024-11-07,,,1:01:00,#4883,diary
2024-11-07,,,5:11:00,#4938,diary
2024-11-07,,,1:00:00,#4942,diary
2024-11-08,,,2:36:00,#4092,diary
2024-11-08,,,0:21:00,#4497,diary
2024-11-08,,,3:56:00,#4772,diary
2024-11-09,,,2:12:00,#3886,diary
2024-11-09,,,1:24:00,#4092,diary
2024-11-09,,,2:04:00,#4883,diary
2024-11-09,,,0:26:00,#4916,diary
2024-11-09,,,2:01:00,#4938,diary
2024-11-10,,,1:04:00,#2835,diary
2024-11-10,,,1:23:00,#4092,diary
2024-11-10,,,0:55:00,#4184,diary
2024-11-10,,,1:09:00,#4860,diary
2024-11-10,,,3:00:00,#4938,diary
2024-11-11,,,3:16:00,#4185,diary
2024-11-11,,,4:33:00,#4976,diary
2024-11-12,,,2:34:00,#4185,diary
2024-11-12,,,5:00:00,#4976,diary
2024-11-12,,,0:22:00,#4981,diary
2024-11-13,,,5:16:00,#4976,diary
2024-11-13,,,0:22:00,#4998,diary
2024-11-13,,,0:46:00,#5007,diary
2024-11-13,,,0:42:00,#5008,diary
2024-11-14,,,3:18:00,#4940,diary
2024-11-14,,,3:13:00,#4976,diary
2024-11-15,,,6:34:00,#2890,diary
2024-11-16,,,7:25:00,#2890,diary
2024-11-17,,,4:17:00,#2890,diary
2024-11-17,,,1:29:00,#4092,diary
2024-11-17,,,1:16:00,#5037,diary
2024-11-17,,,0:45:00,#5039,diary
2024-11-18,,,2:28:00,#2890,diary
2024-11-18,,,3:27:00,#5039,diary
2024-11-19,,,3:02:00,#2890,diary
2024-11-19,,,0:29:00,#4860,diary
2024-11-19,,,1:04:00,#4976,diary
2024-11-19,,,0:42:00,#5037,diary
2024-11-19,,,0:57:00,#5039,diary
2024-11-20,,,1:07:00,#2890,diary
2024-11-20,,,3:19:00,#4751,diary
2024-11-20,,,1:18:00,#4790,diary
2024-11-20,,,1:20:00,#4976,diary
2024-11-20,,,0:21:00,#5055,diary
2024-11-21,,,2:36:00,#4867,diary
2024-11-21,,,2:34:00,#4882,diary
2024-11-21,,,1:30:00,#5037,diary
2024-11-22,,,6:54:00,#4867,diary
2024-11-23,,,0:11:00,#4867,diary
2024-11-23,,,0:57:00,#4938,diary
2024-11-23,,,0:49:00,#4976,diary
2024-11-23,,,0:16:00,#5069,diary
2024-11-23,,,2:00:00,#5074,diary
2024-11-24,,,3:41:00,#2890,diary
2024-11-24,,,1:57:00,#3986,diary
2024-11-24,,,0:12:00,#4566,diary
2024-11-24,,,1:28:00,#4745,diary
2024-11-24,,,0:45:00,#5043,diary
2024-11-25,,,0:47:00,#4745,diary
2024-11-25,,,4:44:00,#4962,diary
2024-11-25,,,0:30:00,#5043,diary
2024-11-26,,,5:01:00,#4962,diary
2024-11-26,,,2:59:00,#878,diary
2024-11-27,,,0:42:00,#5069,diary
2024-11-27,,,2:36:00,#5094,diary
2024-11-27,,,0:41:00,#5096,diary
2024-11-27,,,2:21:00,#878,diary
2024-11-28,,,2:57:00,#5096,diary
2024-11-28,,,3:21:00,#878,diary
2024-11-29,,,1:56:00,#4092,diary
2024-11-29,,,1:37:00,#4867,diary
2024-11-29,,,1:46:00,#5106,diary
2024-11-30,,,4:27:00,#2890,diary
2024-11-30,,,3:33:00,#4867,diary
2024-12-01,,,3:58:00,#2890,diary
2024-12-01,,,3:51:00,#878,diary
2024-12-02,,,2:44:00,#4328,diary
2024-12-02,,,4:53:00,#878,diary
2024-12-03,,,3:14:00,#4328,diary
2024-12-03,,,6:36:00,#5130,diary
2024-12-04,,,0:56:00,#4328,diary
2024-12-04,,,0:37:00,#4883,diary
2024-12-04,,,1:15:00,#4962,diary
2024-12-04,,,2:18:00,#5132,diary
2024-12-04,,,0:51:00,#5149,diary
2024-12-05,,,2:34:00,#3886,diary
2024-12-05,,,2:20:00,#4328,diary
2024-12-05,,,0:43:00,#5148,diary
2024-12-05,,,0:34:00,#5164,diary
2024-12-06,,,0:11:00,#3886,diary
2024-12-06,,,0:32:00,#4751,diary
2024-12-06,,,0:50:00,#4962,diary
2024-12-06,,,4:49:00,#5174,diary
2024-12-07,,,3:02:00,#4751,diary
2024-12-07,,,3:00:00,#5174,diary
2024-12-07,,,0:26:00,#5180,diary
2024-12-08,,,1:01:00,#4328,diary
2024-12-08,,,4:40:00,#4751,diary
2024-12-08,,,1:52:00,#5148,diary
2024-12-09,,,0:31:00,#4328,diary
2024-12-09,,,9:15:00,#5148,diary
2024-12-10,,,6:35:00,#5148,diary
2024-12-11,,,2:34:00,#4751,diary
2024-12-11,,,5:34:00,#5148,diary
2024-12-12,,,3:57:00,#4328,diary
2024-12-12,,,3:05:00,#5148,diary
2024-12-13,,,4:19:00,#4328,diary
2024-12-13,,,1:51:00,#5192,diary
2024-12-13,,,0:50:00,#5237,diary
2024-12-14,,,6:36:00,#2835,diary
2024-12-14,,,1:45:00,#5192,diary
2024-12-15,,,6:07:00,#2835,diary
2024-12-15,,,1:00:00,#5127,diary
2024-12-15,,,0:37:00,#5192,diary
2024-12-16,,,1:02:00,#2835,diary
2024-12-16,,,0:20:00,#4328,diary
2024-12-16,,,0:16:00,#4751,diary
2024-12-16,,,0:29:00,#5127,diary
2024-12-16,,,4:57:00,#5162,diary
2024-12-17,,,0:52:00,#2835,diary
2024-12-17,,,5:22:00,#5162,diary
2024-12-18,,,3:09:00,#2835,diary
2024-12-18,,,4:13:00,#5160,diary
2024-12-20,,,7:09:00,#5160,diary
2024-12-20,,,0:35:00,#5162,diary
2024-12-21,,,5:57:00,#5160,diary
2024-12-21,,,1:27:00,#5238,diary
2024-12-22,,,6:39:00,#5238,diary
2024-12-22,,,0:10:00,#5281,diary
2024-12-23,,,5:05:00,#5238,diary
2024-12-24,,,5:59:00,#5238,diary
2024-12-25,,,0:35:00,#5160,diary
2024-12-25,,,2:53:00,#5238,diary
2024-12-25,,,2:11:00,#5281,diary
2024-12-25,,,1:50:00,#5298,diary
2024-12-26,,,1:19:00,#4329,diary
2024-12-26,,,4:12:00,#5281,diary
2024-12-26,,,0:39:00,#5285,diary
2024-12-28,,,2:02:00,#2835,diary
2024-12-28,,,1:24:00,#4329,diary
2024-12-28,,,2:22:00,#5281,diary
2024-12-28,,,7:14:00,#5281,diary
2024-12-28,,,1:11:00,#5298,diary
2024-12-29,,,7:35:00,#4329,diary
2024-12-30,,,7:31:00,#4329,diary
2024-12-31,,,6:47:00,#5298,diary
2025-01-01,,,3:01:00,#4329,diary
2025-01-01,,,0:40:00,#5160,diary
2025-01-01,,,2:35:00,#5281,diary
2025-01-02,,,2:27:00,#5160,diary
2025-01-02,,,1:07:00,#5179,diary
2025-01-02,,,2:12:00,#5285,diary
2025-01-02,,,1:25:00,#5314,diary
2025-01-03,,,8:43:00,#5285,diary
2025-01-04,,,6:59:00,#5285,diary
2025-01-05,,,0:28:00,#2835,diary
2025-01-05,,,2:12:00,#5160,diary
2025-01-05,,,1:14:00,#5250,diary
2025-01-05,,,2:25:00,#5324,diary
2025-01-06,,,6:47:00,#5316,diary
2025-01-07,,,0:55:00,#5160,diary
2025-01-07,,,4:50:00,#5324,diary
2025-01-07,,,1:49:00,#5351,diary
2025-01-07,,,2:19:00,#6546,diary
2025-01-07,,,5:48:00,#6570,diary
2025-01-08,,,0:15:00,#4184,diary
2025-01-08,,,0:15:00,#5285,diary
2025-01-08,,,5:41:00,#5324,diary
2025-01-08,,,1:23:00,#5356,diary
2025-01-09,,,4:44:00,#4184,diary
2025-01-09,,,2:14:00,#5285,diary
2025-01-10,,,4:13:00,#4184,diary
2025-01-10,,,1:53:00,#4949,diary
2025-01-11,,,6:25:00,#4949,diary
2025-01-12,,,3:54:00,#4949,diary
2025-01-12,,,2:09:00,#5326,diary
2025-01-13,,,0:41:00,#5326,diary
2025-01-13,,,2:21:00,#5327,diary
2025-01-13,,,3:20:00,#5373,diary
2025-01-14,,,0:25:00,#4184,diary
2025-01-14,,,0:21:00,#5324,diary
2025-01-14,,,5:05:00,#5373,diary
2025-01-15,,,3:21:00,#5327,diary
2025-01-15,,,3:37:00,#5386,diary
2025-01-16,,,3:53:00,#5350,diary
2025-01-16,,,1:52:00,#5353,diary
2025-01-16,,,0:20:00,#5357,diary
2025-01-17,,,2:43:00,#5182,diary
2025-01-17,,,2:25:00,#5316,diary
2025-01-17,,,0:24:00,#5327,diary
2025-01-18,,,6:09:00,#5393,diary
2025-01-19,,,8:40:00,#5393,diary
2025-01-20,,,8:06:00,#5393,diary
2025-01-21,,,7:32:00,#5393,diary
2025-01-22,,,8:20:00,#5393,diary
2025-01-23,,,6:14:00,#5393,diary
2025-01-23,,,2:17:00,#5429,diary
2025-01-24,,,6:51:00,#5393,diary
2025-01-25,,,6:04:00,#5393,diary
2025-01-26,,,4:27:00,#5370,diary
2025-01-26,,,2:15:00,#5393,diary
2025-01-27,,,2:35:00,#5370,diary
2025-01-27,,,4:19:00,#5393,diary
2025-01-28,,,7:49:00,#5393,diary
2025-01-29,,,7:04:00,#5393,diary
2025-01-30,,,1:19:00,#5370,diary
2025-01-30,,,5:56:00,#5393,diary
2025-01-31,,,6:01:00,#5393,diary
2025-01-31,,,1:13:00,#5480,diary
2025-02-01,,,1:58:00,#4913,diary
2025-02-01,,,0:29:00,#5370,diary
2025-02-01,,,2:04:00,#5393,diary
2025-02-01,,,2:32:00,#5480,diary
2025-02-02,,,7:46:00,#5370,diary
2025-02-03,,,7:37:00,#5370,diary
2025-02-04,,,1:41:00,#4913,diary
2025-02-04,,,2:29:00,#5370,diary
2025-02-04,,,1:26:00,#5393,diary
2025-02-04,,,2:02:00,#5480,diary
2025-02-05,,,2:47:00,#4913,diary
2025-02-05,,,4:30:00,#5370,diary
2025-02-06,,,1:51:00,#5428,diary
2025-02-06,,,0:51:00,#5434,diary
2025-02-06,,,3:19:00,#5472,diary
2025-02-06,,,1:44:00,#5507,diary
2025-02-07,,,3:18:00,#5428,diary
2025-02-07,,,1:01:00,#5453,diary
2025-02-07,,,2:43:00,#5490,diary
2025-02-08,,,3:29:00,#5453,diary
2025-02-08,,,4:37:00,#5504,diary
2025-02-09,,,2:33:00,#5453,diary
2025-02-09,,,1:56:00,#5504,diary
2025-02-09,,,2:52:00,#5518,diary
2025-02-10,,,3:05:00,#5182,diary
2025-02-10,,,1:17:00,#5370,diary
2025-02-10,,,1:08:00,#5504,diary
2025-02-10,,,1:46:00,#5518,diary
2025-02-11,,,1:40:00,#5085,diary
2025-02-11,,,0:35:00,#5182,diary
2025-02-11,,,1:03:00,#5428,diary
2025-02-11,,,2:27:00,#5519,diary
2025-02-12,,,0:12:00,#5182,diary
2025-02-12,,,5:14:00,#5373,diary
2025-02-13,,,3:21:00,#5373,diary
2025-02-13,,,3:49:00,#5548,diary
2025-02-14,,,0:20:00,#5548,diary
2025-02-14,,,8:05:00,#5560,diary
2025-02-15,,,1:18:00,#5528,diary
2025-02-15,,,3:45:00,#5560,diary
2025-02-15,,,2:01:00,#5572,diary
2025-02-16,,,1:21:00,#4684,diary
2025-02-16,,,3:00:00,#5528,diary
2025-02-16,,,1:33:00,#5572,diary
2025-02-17,,,8:25:00,#4684,diary
2025-02-18,,,2:48:00,#5504,diary
2025-02-18,,,4:23:00,#5549,diary
2025-02-19,,,6:00:00,#5504,diary
2025-02-19,,,1:48:00,#5549,diary
2025-02-20,,,0:24:00,#5428,diary
2025-02-20,,,1:32:00,#5504,diary
2025-02-20,,,3:51:00,#5528,diary
2025-02-20,,,1:13:00,#5549,diary
2025-02-21,,,0:13:00,#4913,diary
2025-02-21,,,0:59:00,#5373,diary
2025-02-21,,,0:08:00,#5428,diary
2025-02-21,,,0:18:00,#5504,diary
2025-02-21,,,5:17:00,#5528,diary
2025-02-22,,,6:09:00,#5528,diary
2025-02-23,,,7:04:00,#5528,diary
2025-02-24,,,2:38:00,#5373,diary
2025-02-24,,,5:20:00,#5528,diary
2025-02-25,,,8:33:00,#5373,diary
2025-02-26,,,7:04:00,#5373,diary
2025-02-26,,,0:33:00,#5504,diary
2025-02-27,,,6:16:00,#5373,diary
2025-02-27,,,0:53:00,#5528,diary
2025-02-28,,,1:51:00,#5428,diary
2025-02-28,,,6:20:00,#5528,diary
2025-03-01,,,1:51:00,#5428,diary
2025-03-01,,,6:20:00,#5528,diary
2025-03-02,,,5:59:00,#5549,diary
2025-03-03,,,7:03:00,#5549,diary
2025-03-04,,,2:01:00,#5182,diary
2025-03-04,,,2:09:00,#5549,diary
2025-03-04,,,1:28:00,#5606,diary
2025-03-05,,,3:01:00,#5528,diary
2025-03-05,,,2:51:00,#5658,diary
2025-03-06,,,10:52:00,#5658,diary
2025-03-07,,,9:20:00,#5658,diary
2025-03-07,,,1:19:00,#5684,diary
2025-03-08,,,7:09:00,#5528,diary
2025-03-08,,,0:23:00,#5684,diary
2025-03-09,,,4:15:00,#5528,diary
2025-03-09,,,2:16:00,#5691,diary
2025-03-10,,,4:15:00,#5528,diary
2025-03-10,,,2:16:00,#5691,diary
2025-03-11,,,8:39:00,#5618,diary
2025-03-12,,,7:47:00,#5618,diary
2025-03-13,,,0:29:00,#5618,diary
2025-03-13,,,1:14:00,#5708,diary
2025-03-13,,,6:31:00,#5720,diary
2025-03-14,,,6:42:00,#5618,diary
2025-03-15,,,0:24:00,#4913,diary
2025-03-15,,,3:34:00,#5618,diary
2025-03-16,,,1:54:00,#5618,diary
2025-03-16,,,3:40:00,#5657,diary
2025-03-16,,,0:30:00,#5690,diary
2025-03-17,,,1:04:00,#4913,diary
2025-03-17,,,5:31:00,#5657,diary
2025-03-17,,,0:51:00,#5715,diary
2025-03-18,,,5:59:00,#5715,diary
2025-03-19,,,5:12:00,#5715,diary
2025-03-19,,,1:21:00,#5734,diary
2025-03-20,,,7:12:00,#5715,diary
2025-03-21,,,0:53:00,#4913,diary
2025-03-21,,,6:15:00,#5715,diary
2025-03-21,,,0:22:00,#5734,diary
2025-03-22,,,5:53:00,#5715,diary
2025-03-23,,,1:25:00,#5678,diary
2025-03-23,,,3:45:00,#5715,diary
2025-03-23,,,0:26:00,#5733,diary
2025-03-24,,,5:15:00,#5715,diary
2025-03-25,,,1:38:00,#5528,diary
2025-03-25,,,0:21:00,#5715,diary
2025-03-25,,,5:46:00,#5726,diary
2025-03-25,,,0:49:00,#5727,diary
2025-03-26,,,0:23:00,#5528,diary
2025-03-26,,,6:58:00,#5726,diary
2025-03-26,,,0:20:00,#5727,diary
2025-03-27,,,0:47:00,#5528,diary
2025-03-27,,,4:12:00,#5726,diary
2025-03-27,,,2:36:00,#5813,diary
2025-03-28,,,3:19:00,#5528,diary
2025-03-28,,,1:12:00,#5726,diary
2025-03-28,,,1:58:00,#5813,diary
2025-03-29,,,6:14:00,#5726,diary
2025-03-29,,,0:49:00,#5822,diary
2025-03-29,,,0:27:00,#5824,diary
2025-03-30,,,5:41:00,#5726,diary
2025-03-30,,,0:59:00,#5824,diary
2025-03-31,,,5:37:00,#5726,diary
2025-03-31,,,0:48:00,#5733,diary
2025-04-01,,,0:30:00,#5715,diary
2025-04-01,,,3:25:00,#5733,diary
2025-04-01,,,2:21:00,#5826,diary
2025-04-02,,,3:26:00,#5726,diary
2025-04-02,,,1:27:00,#5727,diary
2025-04-02,,,1:35:00,#5733,diary
2025-04-03,,,1:31:00,#5727,diary
2025-04-03,,,5:16:00,#5733,diary
2025-04-04,,,3:06:00,#5653,diary
2025-04-04,,,2:19:00,#5727,diary
2025-04-04,,,2:21:00,#5733,diary
2025-04-05,,,5:31:00,#5653,diary
2025-04-05,,,2:41:00,#5726,diary
2025-04-06,,,7:33:00,#5688,diary
2025-04-07,,,6:52:00,#5688,diary
2025-04-08,,,6:57:00,#5688,diary
2025-04-08,,,0:42:00,#5864,diary
2025-04-09,,,1:21:00,#5688,diary
2025-04-09,,,5:01:00,#5871,diary
2025-04-09,,,1:35:00,#5872,diary
2025-04-10,,,1:03:00,#5609,diary
2025-04-10,,,5:15:00,#5688,diary
2025-04-10,,,1:42:00,#5727,diary
2025-04-10,,,4:25:00,#5920,diary
2025-04-10,,,0:59:00,#5956,diary
2025-04-10,,,0:12:00,#5957,diary
2025-04-11,,,4:06:00,#5727,diary
2025-04-11,,,1:51:00,#5871,diary
2025-04-11,,,1:25:00,#5883,diary
2025-04-12,,,4:53:00,#5727,diary
2025-04-12,,,2:07:00,#5792,diary
2025-04-13,,,2:21:00,#5727,diary
2025-04-13,,,4:29:00,#5878,diary
2025-04-14,,,6:48:00,#5878,diary
2025-04-15,,,1:06:00,#4913,diary
2025-04-15,,,0:32:00,#5727,diary
2025-04-15,,,6:21:00,#5878,diary
2025-04-16,,,7:33:00,#5878,diary
2025-04-17,,,7:41:00,#5373,diary
2025-04-18,,,8:13:00,#5373,diary
2025-04-19,,,3:21:00,#5373,diary
2025-04-19,,,3:57:00,#5715,diary
2025-04-19,,,0:37:00,#5719,diary
2025-04-20,,,1:15:00,#5715,diary
2025-04-20,,,2:29:00,#5719,diary
2025-04-20,,,2:40:00,#5879,diary
2025-04-20,,,1:29:00,#5881,diary
2025-04-21,,,1:47:00,#5606,diary
2025-04-21,,,0:20:00,#5879,diary
2025-04-21,,,0:32:00,#5881,diary
2025-04-21,,,5:22:00,#5920,diary
2025-04-22,,,3:00:00,#5880,diary
2025-04-22,,,1:54:00,#5882,diary
2025-04-22,,,1:43:00,#5909,diary
2025-04-23,,,5:01:00,#5606,diary
2025-04-23,,,1:38:00,#5633,diary
2025-04-24,,,8:08:00,#5606,diary
2025-04-25,,,1:14:00,#4908,diary
2025-04-25,,,3:13:00,#5606,diary
2025-04-25,,,2:26:00,#5792,diary
2025-04-25,,,1:37:00,#5880,diary
2025-04-26,,,0:23:00,#4908,diary
2025-04-26,,,4:21:00,#5606,diary
2025-04-26,,,1:34:00,#5633,diary
2025-04-26,,,1:49:00,#5920,diary
2025-04-27,,,7:39:00,#5920,diary
2025-04-28,,,0:18:00,#5373,diary
2025-04-28,,,7:37:00,#5920,diary
2025-04-28,,,0:27:00,#5950,diary
2025-04-29,,,0:09:00,#5373,diary
2025-04-29,,,6:23:00,#5920,diary
2025-05-01,,,1:54:00,#5606,diary
2025-05-01,,,1:46:00,#5957,diary
2025-05-01,,,2:06:00,#5960,diary
2025-05-02,,,3:13:00,#5606,diary
2025-05-02,,,2:46:00,#5609,diary
2025-05-03,,,7:49:00,#5609,diary
2025-05-04,,,2:00:00,#5606,diary
2025-05-04,,,2:29:00,#5609,diary
2025-05-04,,,3:18:00,#5880,diary
2025-05-05,,,5:37:00,#5606,diary
2025-05-05,,,0:26:00,#5845,diary
2025-05-05,,,0:58:00,#5880,diary
2025-05-05,,,0:33:00,#5966,diary
2025-05-06,,,6:02:00,#5606,diary
2025-05-06,,,0:24:00,#5966,diary
2025-05-06,,,1:06:00,#5970,diary
2025-05-07,,,6:14:00,#5606,diary
2025-05-07,,,0:17:00,#5920,diary
2025-05-08,,,6:28:00,#5606,diary
2025-05-09,,,2:51:00,#5606,diary
2025-05-09,,,4:21:00,#5727,diary
2025-05-10,,,2:58:00,#5609,diary
2025-05-10,,,3:25:00,#5727,diary
2025-05-11,,,6:00:00,#5609,diary
2025-05-11,,,0:18:00,#5727,diary
2025-05-12,,,1:18:00,#5609,diary
2025-05-12,,,5:14:00,#5727,diary
2025-05-13,,,3:18:00,#5606,diary
2025-05-13,,,4:43:00,#5609,diary
2025-05-14,,,1:13:00,#5606,diary
2025-05-14,,,6:30:00,#5609,diary
2025-05-15,,,6:21:00,#5609,diary
2025-05-16,,,7:17:00,#5609,diary
2025-05-17,,,6:07:00,#5609,diary
2025-05-17,,,1:40:00,#5863,diary
2025-05-18,,,3:33:00,#5606,diary
2025-05-18,,,3:32:00,#5757,diary
2025-05-18,,,0:36:00,#5990,diary
2025-05-19,,,3:34:00,#5606,diary
2025-05-19,,,3:52:00,#5942,diary
2025-05-20,,,1:38:00,#5606,diary
2025-05-20,,,2:34:00,#5609,diary
2025-05-20,,,0:28:00,#5757,diary
2025-05-20,,,2:40:00,#5942,diary
2025-05-21,,,0:58:00,#5606,diary
2025-05-21,,,3:36:00,#5609,diary
2025-05-21,,,2:16:00,#5995,diary
2025-05-22,,,2:10:00,#5606,diary
2025-05-22,,,2:05:00,#5609,diary
2025-05-22,,,2:08:00,#5687,diary
2025-05-23,,,6:37:00,#5606,diary
2025-05-24,,,0:28:00,#5488,diary
2025-05-24,,,3:45:00,#5606,diary
2025-05-24,,,1:26:00,#5987,diary
2025-05-24,,,2:20:00,#5999,diary
2025-05-25,,,7:28:00,#5987,diary
2025-05-26,,,7:02:00,#5987,diary
2025-05-27,,,7:08:00,#5987,diary
2025-05-28,,,5:15:00,#5987,diary
2025-05-29,,,6:31:00,#5987,diary
2025-05-30,,,0:51:00,#5606,diary
2025-05-30,,,1:37:00,#5687,diary
2025-05-30,,,4:47:00,#5987,diary
2025-05-31,,,5:58:00,#5987,diary
2025-05-31,,,0:15:00,#6024,diary
2025-06-01,,,7:43:00,#5987,diary
2025-06-02,,,7:46:00,#5987,diary
2025-06-03,,,0:18:00,#5694,diary
2025-06-03,,,0:34:00,#5863,diary
2025-06-03,,,5:24:00,#5987,diary
2025-06-03,,,0:25:00,#5999,diary
2025-06-04,,,1:56:00,#5694,diary
2025-06-04,,,5:54:00,#6002,diary
2025-06-05,,,4:59:00,#5488,diary
2025-06-05,,,1:47:00,#6036,diary
2025-06-06,,,7:13:00,#6040,diary
2025-06-07,,,2:11:00,#5687,diary
2025-06-07,,,5:04:00,#6024,diary
2025-06-07,,,5:42:00,#6040,diary
2025-06-07,,,2:33:00,#6040,diary
2025-06-09,,,4:13:00,#6040,diary
2025-06-09,,,3:28:00,#6045,diary
2025-06-10,,,0:48:00,#6003,diary
2025-06-10,,,3:37:00,#6040,diary
2025-06-10,,,3:17:00,#6043,diary
2025-06-11,,,7:41:00,#6040,diary
2025-06-12,,,8:02:00,#6040,diary
2025-06-13,,,2:58:00,#5982,diary
2025-06-13,,,7:58:00,#6040,diary
2025-06-13,,,0:34:00,#6084,diary
2025-06-13,,,4:30:00,#6092,diary
2025-06-14,,,7:53:00,#6040,diary
2025-06-15,,,8:13:00,#6040,diary
2025-06-16,,,7:24:00,#6040,diary
2025-06-16,,,0:18:00,#6070,diary
2025-06-17,,,1:18:00,#5606,diary
2025-06-17,,,5:18:00,#6070,diary
2025-06-18,,,4:40:00,#5606,diary
2025-06-18,,,0:34:00,#5863,diary
2025-06-18,,,1:27:00,#5942,diary
2025-06-19,,,5:33:00,#5606,diary
2025-06-19,,,1:24:00,#5863,diary
2025-06-20,,,1:44:00,#5863,diary
2025-06-20,,,6:30:00,#6092,diary
2025-06-21,,,7:50:00,#6092,diary
2025-06-22,,,6:19:00,#6092,diary
2025-06-24,,,6:21:00,#6092,diary
2025-06-25,,,7:11:00,#5982,diary
2025-06-26,,,6:34:00,#5982,diary
2025-06-27,,,6:25:00,#5982,diary
2025-06-28,,,3:22:00,#6084,diary
2025-06-28,,,2:21:00,#6105,diary
2025-06-29,,,6:22:00,#5606,diary
2025-06-29,,,0:53:00,#6040,diary
2025-06-30,,,6:38:00,#6040,diary
2025-06-30,,,0:26:00,#6084,diary
2025-07-01,,,7:21:00,#6040,diary
2025-07-02,,,5:59:00,#5606,diary
2025-07-02,,,0:23:00,#6084,diary
2025-07-02,,,0:41:00,#6112,diary
2025-07-03,,,7:41:00,#5606,diary
2025-07-04,,,7:46:00,#5606,diary
2025-07-05,,,7:55:00,#5606,diary
2025-07-06,,,7:30:00,#5606,diary
2025-07-07,,,2:56:00,#5606,diary
2025-07-07,,,2:29:00,#6061,diary
2025-07-07,,,1:01:00,#6134,diary
2025-07-08,,,7:14:00,#6136,diary
2025-07-09,,,3:19:00,#6136,diary
2025-07-09,,,2:58:00,#6138,diary
2025-07-10,,,4:32:00,#5606,diary
2025-07-10,,,0:36:00,#6137,diary
2025-07-10,,,2:31:00,#6138,diary
2025-07-11,,,6:20:00,#6141,diary
2025-07-12,,,1:44:00,#5843,diary
2025-07-12,,,6:28:00,#6141,diary
2025-07-13,,,6:40:00,#5843,diary
2025-07-14,,,7:01:00,#5843,diary
2025-07-15,,,7:12:00,#5843,diary
2025-07-16,,,7:05:00,#5843,diary
2025-07-17,,,7:11:00,#5843,diary
2025-07-18,,,3:01:00,#5606,diary
2025-07-18,,,2:52:00,#5843,diary
2025-07-19,,,7:29:00,#5843,diary
2025-07-20,,,3:52:00,#5843,diary
2025-07-20,,,2:51:00,#6141,diary
2025-07-21,,,7:20:00,#5606,diary
2025-07-22,,,4:11:00,#5843,diary
2025-07-22,,,1:16:00,#6138,diary
2025-07-22,,,2:03:00,#6141,diary
2025-07-23,,,6:29:00,#5216,diary
2025-07-23,,,0:14:00,#5843,diary
2025-07-23,,,0:12:00,#6141,diary
2025-07-24,,,4:59:00,#5216,diary
2025-07-24,,,2:07:00,#5843,diary
2025-07-25,,,6:46:00,#5216,diary
2025-07-25,,,0:59:00,#6138,diary
2025-07-26,,,6:49:00,#6141,diary
2025-07-27,,,7:42:00,#6141,diary
2025-07-28,,,4:31:00,#5216,diary
2025-07-28,,,2:55:00,#6141,diary
2025-07-29,,,6:57:00,#5216,diary
2025-07-30,,,2:43:00,#5216,diary
2025-07-30,,,4:36:00,#6190,diary
2025-07-31,,,2:43:00,#5216,diary
2025-07-31,,,1:38:00,#6139,diary
2025-07-31,,,3:05:00,#6185,diary
2025-08-01,,,2:51:00,#5216,diary
2025-08-01,,,3:03:00,#5963,diary
2025-08-01,,,2:50:00,#6185,diary
2025-08-02,,,7:00:00,#6141,diary
2025-08-03,,,7:11:00,#6141,diary
2025-08-04,,,0:57:00,#5606,diary
2025-08-04,,,1:07:00,#5949,diary
2025-08-04,,,4:37:00,#6141,diary
2025-08-05,,,1:26:00,#5949,diary
2025-08-05,,,5:12:00,#6139,diary
2025-08-06,,,0:37:00,#5843,diary
2025-08-06,,,2:51:00,#6139,diary
2025-08-06,,,0:32:00,#6209,diary
2025-08-06,,,2:38:00,#6210,diary
2025-08-06,,,5:28:00,#7346,diary
2025-08-07,,,6:28:00,#6139,diary
2025-08-08,,,8:52:00,#6139,diary
2025-08-09,,,7:15:00,#6139,diary
2025-08-10,,,6:42:00,#6139,diary
2025-08-10,,,0:25:00,#6200,diary
2025-08-11,,,7:34:00,#6200,diary
2025-08-12,,,8:39:00,#6200,diary
2025-08-13,,,6:48:00,#6200,diary
2025-08-14,,,4:43:00,#6200,diary
2025-08-14,,,1:46:00,#6213,diary
2025-08-15,,,3:58:00,#6233,diary
2025-08-16,,,0:55:00,#6139,diary
2025-08-16,,,0:37:00,#6213,diary
2025-08-16,,,4:03:00,#6233,diary
2025-08-17,,,6:56:00,#6213,diary
2025-08-18,,,8:07:00,#6213,diary
2025-08-19,,,1:33:00,#6080,diary
2025-08-19,,,1:31:00,#6213,diary
2025-08-20,,,3:54:00,#6252,diary
2025-08-21,,,6:03:00,#6245,diary
2025-08-22,,,2:40:00,#6209,diary
2025-08-22,,,3:03:00,#6245,diary
2025-08-23,,,1:02:00,#6018,diary
2025-08-23,,,1:02:00,#6207,diary
2025-08-23,,,0:43:00,#6209,diary
2025-08-23,,,5:08:00,#6245,diary
2025-08-24,,,6:54:00,#6207,diary
2025-08-25,,,1:20:00,#5466,diary
2025-08-25,,,4:55:00,#6207,diary
2025-08-25,,,0:39:00,#6261,diary
2025-08-25,,,0:30:00,#6263,diary
2025-08-26,,,0:50:00,#6011,diary
2025-08-26,,,0:59:00,#6259,diary
2025-08-26,,,3:46:00,#6261,diary
2025-08-26,,,1:07:00,#6266,diary
2025-08-26,,,1:42:00,#6269,diary
2025-08-27,,,1:04:00,#6018,diary
2025-08-27,,,4:50:00,#6259,diary
2025-08-28,,,3:38:00,#6259,diary
2025-08-28,,,4:03:00,#6264,diary
2025-08-29,,,0:08:00,#6259,diary
2025-08-29,,,1:45:00,#6264,diary
2025-08-29,,,5:06:00,#6265,diary
2025-08-29,,,0:09:00,#6277,diary
2025-08-30,,,8:00:00,#6265,diary
2025-08-31,,,7:39:00,#6265,diary
2025-09-01,,,1:06:00,#6080,diary
2025-09-01,,,4:34:00,#6265,diary
2025-09-01,,,0:53:00,#6278,diary
2025-09-01,,,1:10:00,#6281,diary
2025-09-02,,,6:32:00,#6026,diary
2025-09-03,,,1:20:00,#6001,diary
2025-09-03,,,3:31:00,#6204,diary
2025-09-03,,,1:53:00,#6293,diary
2025-09-04,,,2:46:00,#6001,diary
2025-09-04,,,4:11:00,#6301,diary
2025-09-05,,,1:04:00,#5963,diary
2025-09-05,,,2:45:00,#6141,diary
2025-09-05,,,1:31:00,#6265,diary
2025-09-05,,,0:53:00,#6310,diary
2025-09-06,,,5:41:00,#6001,diary
2025-09-06,,,1:35:00,#6207,diary
2025-09-06,,,0:11:00,#6310,diary
2025-09-07,,,1:45:00,#5946,diary
2025-09-07,,,6:24:00,#6001,diary
2025-09-08,,,6:37:00,#6001,diary
2025-09-09,,,6:52:00,#6001,diary
2025-09-10,,,2:34:00,#5946,diary
2025-09-10,,,4:44:00,#6001,diary
2025-09-11,,,8:20:00,#6261,diary
2025-09-12,,,3:17:00,#5946,diary
2025-09-12,,,0:53:00,#6187,diary
2025-09-12,,,2:24:00,#6326,diary
2025-09-13,,,6:41:00,#5946,diary
2025-09-14,,,7:27:00,#5946,diary
2025-09-15,,,7:14:00,#5946,diary
2025-09-16,,,5:46:00,#5946,diary
2025-09-17,,,3:12:00,#5946,diary
2025-09-17,,,3:41:00,#6241,diary
2025-09-18,,,7:08:00,#5946,diary
2025-09-19,,,3:53:00,#5946,diary
2025-09-19,,,3:09:00,#6187,diary
2025-09-20,,,7:50:00,#6187,diary
2025-09-21,,,7:33:00,#6187,diary
2025-09-22,,,6:39:00,#6187,diary
2025-09-23,,,2:08:00,#5946,diary
2025-09-23,,,4:21:00,#6187,diary
2025-09-24,,,5:59:00,#6187,diary
2025-09-25,,,8:06:00,#6187,diary
2025-09-26,,,8:22:00,#6187,diary
2025-09-27,,,7:36:00,#6187,diary
2025-09-28,,,6:03:00,#6187,diary
2025-09-29,,,3:31:00,#6344,diary
2025-09-29,,,6:13:00,#6345,diary
2025-09-29,,,0:34:00,#6358,diary
2025-09-30,,,8:16:00,#6329,diary
2025-10-01,,,0:22:00,#6187,diary
2025-10-01,,,6:05:00,#6329,diary
2025-10-02,,,0:35:00,#6187,diary
2025-10-02,,,6:26:00,#6329,diary
2025-10-03,,,4:13:00,#6187,diary
2025-10-03,,,1:50:00,#6308,diary
2025-10-04,,,3:23:00,#6187,diary
2025-10-04,,,2:17:00,#6316,diary
2025-10-04,,,1:28:00,#6374,diary
2025-10-05,,,2:26:00,#6298,diary
2025-10-05,,,1:47:00,#6324,diary
2025-10-05,,,2:58:00,#6374,diary
2025-10-06,,,2:26:00,#6298,diary
2025-10-06,,,1:47:00,#6324,diary
2025-10-06,,,2:58:00,#6374,diary
2025-10-07,,,3:06:00,#6298,diary
2025-10-07,,,2:27:00,#6318,diary
2025-10-07,,,0:22:00,#6371,diary
2025-10-08,,,6:10:00,#6348,diary
2025-10-08,,,0:14:00,#6371,diary
2025-10-09,,,0:03:00,#6348,diary
2025-10-09,,,6:38:00,#6366,diary
2025-10-10,,,4:12:00,#6298,diary
2025-10-10,,,2:25:00,#6348,diary
2025-10-11,,,7:19:00,#6298,diary
2025-10-12,,,4:43:00,#6298,diary
2025-10-12,,,0:21:00,#6303,diary
2025-10-12,,,2:27:00,#6362,diary
2025-10-13,,,5:37:00,#6303,diary
2025-10-13,,,0:49:00,#6335,diary
2025-10-14,,,6:34:00,#6335,diary
2025-10-15,,,5:50:00,#5709,diary
2025-10-16,,,2:51:00,#5709,diary
2025-10-16,,,3:25:00,#5857,diary
2025-10-16,,,0:07:00,#6265,diary
2025-10-17,,,4:46:00,#5857,diary
2025-10-17,,,1:10:00,#6265,diary
2025-10-18,,,0:33:00,#5857,diary
2025-10-18,,,0:44:00,#6303,diary
2025-10-18,,,3:13:00,#6348,diary
2025-10-18,,,2:33:00,#6385,diary
2025-10-19,,,1:27:00,#6303,diary
2025-10-19,,,4:57:00,#6385,diary
2025-10-20,,,6:57:00,#6385,diary
2025-10-21,,,7:52:00,#6385,diary
2025-10-22,,,1:48:00,#6303,diary
2025-10-22,,,5:19:00,#6385,diary
2025-10-23,,,1:52:00,#6303,diary
2025-10-23,,,2:38:00,#6385,diary
2025-10-23,,,1:03:00,#6396,diary
2025-10-24,,,0:54:00,#6334,diary
2025-10-24,,,6:51:00,#6396,diary
2025-10-25,,,1:57:00,#6298,diary
2025-10-25,,,1:02:00,#6334,diary
2025-10-26,,,1:39:00,#6187,diary
2025-10-26,,,2:14:00,#6298,diary
2025-10-26,,,1:57:00,#6334,diary
2025-10-27,,,3:38:00,#6187,diary
2025-10-27,,,3:49:00,#6334,diary
2025-10-28,,,8:00:00,#6334,diary
2025-10-29,,,7:00:00,#6334,diary
2025-10-30,,,3:18:00,#6265,diary
2025-10-30,,,2:43:00,#6334,diary
2025-10-30,,,1:51:00,#6362,diary
2025-10-31,,,6:02:00,#6334,diary
2025-11-01,,,6:02:00,#6334,diary
2025-11-02,,,6:33:00,#6334,diary
2025-11-03,,,5:29:00,#6334,diary
2025-11-04,,,6:53:00,#6334,diary
2025-11-05,,,1:08:00,#6334,diary
2025-11-05,,,5:17:00,#6432,diary
2025-11-06,,,1:30:00,#6334,diary
2025-11-06,,,5:45:00,#6432,diary
2025-11-07,,,4:45:00,#6334,diary
2025-11-07,,,0:31:00,#6432,diary
2025-11-07,,,1:28:00,#6441,diary
2025-11-08,,,7:19:00,#6334,diary
2025-11-09,,,8:01:00,#6334,diary
2025-11-10,,,7:36:00,#6334,diary
2025-11-11,,,6:22:00,#6334,diary
2025-11-12,,,6:36:00,#6334,diary
2025-11-12,,,0:52:00,#6453,diary
2025-11-13,,,7:18:00,#6334,diary
2025-11-14,,,8:39:00,#6334,diary
2025-11-15,,,8:06:00,#6334,diary
2025-11-16,,,7:41:00,#6334,diary
2025-11-17,,,5:19:00,#6334,diary
2025-11-17,,,2:15:00,#6398,diary
2025-11-18,,,2:08:00,#6334,diary
2025-11-18,,,2:08:00,#6398,diary
2025-11-18,,,2:56:00,#6400,diary
2025-11-18,,,0:45:00,#6468,diary
2025-11-19,,,0:55:00,#6398,diary
2025-11-19,,,0:26:00,#6400,diary
2025-11-19,,,5:45:00,#6463,diary
2025-11-20,,,6:21:00,#6463,diary
2025-11-21,,,0:50:00,#6400,diary
2025-11-21,,,5:25:00,#6473,diary
2025-11-22,,,7:28:00,#6473,diary
2025-11-23,,,7:24:00,#6473,diary
2025-11-24,,,7:02:00,#6473,diary
2025-11-25,,,7:40:00,#6473,diary
2025-11-26,,,7:07:00,#6473,diary
2025-11-27,,,7:38:00,#6473,diary
2025-11-28,,,3:26:00,#6334,diary
2025-11-28,,,3:35:00,#6473,diary
2025-11-29,,,7:17:00,#6334,diary
2025-11-30,,,7:31:00,#6463,diary
2025-12-01,,,6:35:00,#6463,diary
2025-12-02,,,7:06:00,#6463,diary
2025-12-03,,,5:11:00,#6463,diary
2025-12-04,,,5:51:00,#6463,diary
2025-12-04,,,1:15:00,#6473,diary
2025-12-05,,,7:21:00,#6473,diary
2025-12-06,,,3:59:00,#6463,diary
2025-12-06,,,3:24:00,#6473,diary
2025-12-07,,,7:13:00,#6463,diary
2025-12-08,,,7:26:00,#6463,diary
2025-12-09,,,7:40:00,#6463,diary
2025-12-10,,,6:26:00,#6463,diary
2025-12-11,,,7:58:00,#6463,diary
2025-12-12,,,7:21:00,#6463,diary
2025-12-13,,,7:25:00,#6463,diary
2025-12-14,,,7:58:00,#6463,diary
2025-12-15,,,4:39:00,#6334,diary
2025-12-16,,,3:20:00,#6334,diary
2025-12-16,,,3:06:00,#6536,diary
2025-12-17,,,5:41:00,#6334,diary
2025-12-18,,,6:40:00,#6334,diary
2025-12-19,,,6:43:00,#6334,diary
2025-12-20,,,9:23:00,#6334,diary
2025-12-21,,,7:48:00,#6334,diary
2025-12-22,,,7:51:00,#6334,diary
2025-12-23,,,7:07:00,#6334,diary
2025-12-24,,,4:31:00,#5857,diary
2025-12-24,,,0:48:00,#6334,diary
2025-12-24,,,2:29:00,#6473,diary
2025-12-25,,,8:53:00,#6524,diary
2025-12-26,,,8:45:00,#6524,diary
2025-12-27,,,5:20:00,#6524,diary
2025-12-28,,,7:32:00,#6524,diary
2025-12-29,,,3:32:00,#6463,diary
2025-12-29,,,3:24:00,#6524,diary
2025-12-30,,,3:52:00,#6524,diary
2025-12-30,,,2:48:00,#6558,diary
2025-12-31,,,0:28:00,#6334,diary
2025-12-31,,,3:20:00,#6546,diary
2025-12-31,,,1:25:00,#6558,diary
2026-01-01,,,6:22:00,#6334,diary
2026-01-02,,,7:27:00,#6334,diary
2026-01-03,,,5:55:00,#6334,diary
2026-01-04,,,7:21:00,#6334,diary
2026-01-05,,,7:25:00,#6334,diary
2026-01-06,,,7:23:00,#6546,diary
2026-01-08,,,0:58:00,#6334,diary
2026-01-08,,,2:35:00,#6524,diary
2026-01-08,,,3:47:00,#6567,diary
2026-01-09,,,7:15:00,#6334,diary
2026-01-10,,,7:24:00,#6334,diary
2026-01-11,,,4:48:00,#6334,diary
2026-01-11,,,2:30:00,#6546,diary
2026-01-12,,,6:42:00,#6546,diary
2026-01-13,,,1:37:00,#6334,diary
2026-01-13,,,5:14:00,#6546,diary
2026-01-13,,,1:26:00,#6583,diary
2026-01-14,,,7:39:00,#6334,diary
2026-01-15,,,2:51:00,#6334,diary
2026-01-15,,,2:02:00,#6546,diary
2026-01-16,,,5:40:00,#6546,diary
2026-01-17,,,7:20:00,#6546,diary
2026-01-18,,,7:07:00,#6546,diary
2026-01-19,,,8:32:00,#6546,diary
2026-01-20,,,7:39:00,#6546,diary
2026-01-21,,,7:24:00,#6546,diary
2026-01-22,,,7:22:00,#6546,diary
2026-01-23,,,3:03:00,#6546,diary
2026-01-23,,,3:20:00,#6596,diary
2026-01-23,,,0:59:00,#6598,diary
2026-01-24,,,8:18:00,#6546,diary
2026-01-25,,,7:39:00,#6546,diary
2026-01-26,,,4:41:00,#6546,diary
2026-01-26,,,3:01:00,#6598,diary
2026-01-27,,,5:58:00,#6598,diary
2026-01-28,,,8:02:00,#6598,diary
2026-01-29,,,8:23:00,#6598,diary
2026-01-30,,,0:40:00,#6487,diary
2026-01-30,,,2:09:00,#6598,diary
2026-01-30,,,3:05:00,#6615,diary
2026-01-31,,,1:00:00,#6487,diary
2026-01-31,,,2:51:00,#6569,diary
2026-01-31,,,3:37:00,#6611,diary
2026-02-01,,,7:05:00,#6611,diary
2026-02-02,,,7:33:00,#6611,diary
2026-02-03,,,7:07:00,#6611,diary
2026-02-04,,,3:56:00,#6333,diary
2026-02-04,,,3:58:00,#6611,diary
2026-02-05,,,1:22:00,#6333,diary
2026-02-05,,,7:25:00,#6611,diary
2026-02-06,,,6:50:00,#6611,diary
2026-02-07,,,6:36:00,#6611,diary
2026-02-08,,,7:19:00,#6611,diary
2026-02-09,,,8:30:00,#6611,diary
2026-02-10,,,9:34:00,#6611,diary
2026-02-11,,,2:29:00,#6333,diary
2026-02-11,,,1:56:00,#6611,diary
2026-02-12,,,5:40:00,#6611,diary
2026-02-13,,,7:36:00,#6611,diary
2026-02-14,,,3:37:00,#6518,diary
2026-02-14,,,2:33:00,#6611,diary
2026-02-15,,,6:34:00,#6611,diary
2026-02-16,,,3:33:00,#6333,diary
2026-02-16,,,1:15:00,#6546,diary
2026-02-16,,,2:38:00,#6637,diary
2026-02-17,,,1:24:00,#6333,diary
2026-02-17,,,5:21:00,#6546,diary
2026-02-18,,,4:24:00,#6333,diary
2026-02-18,,,3:25:00,#6546,diary
2026-02-19,,,7:37:00,#6333,diary
2026-02-20,,,7:27:00,#6611,diary
2026-02-21,,,5:17:00,#6333,diary
2026-02-21,,,2:21:00,#6611,diary
2026-02-22,,,7:28:00,#6333,diary
2026-02-22,,,0:54:00,#6611,diary
2026-02-23,,,7:19:00,#6333,diary
2026-02-24,,,6:45:00,#6333,diary
2026-02-25,,,9:12:00,#6333,diary
2026-02-26,,,6:26:00,#6333,diary
2026-02-26,,,0:40:00,#6654,diary
2026-02-27,,,7:48:00,#6333,diary
2026-02-28,,,7:17:00,#6333,diary
2026-03-01,,,5:42:00,#6333,diary
2026-03-01,,,1:09:00,#6659,diary
2026-03-02,,,6:47:00,#6333,diary
2026-03-03,,,7:00:00,#6333,diary
2026-03-04,,,6:24:00,#6333,diary
2026-03-05,,,7:23:00,#6333,diary
2026-03-06,,,5:28:00,#6333,diary
2026-03-06,,,2:04:00,#6673,diary
2026-03-07,,,8:17:00,#6333,diary
2026-03-07,,,0:33:00,#6472,diary
2026-03-08,,,0:33:00,#6472,diary
2026-03-08,,,7:58:00,#6518,diary
2026-03-09,,,5:04:00,#6518,diary
2026-03-10,,,7:21:00,#6518,diary
2026-03-11,,,8:08:00,#6518,diary
2026-03-12,,,7:14:00,#6518,diary
2026-03-13,,,7:44:00,#6518,diary
2026-03-14,,,6:59:00,#6518,diary
2026-03-15,,,7:59:00,#6518,diary
2026-03-16,,,8:12:00,#6518,diary
2026-03-17,,,8:19:00,#6518,diary
2026-03-18,,,7:23:00,#6518,diary
2026-03-19,,,4:05:00,#6518,diary
2026-03-19,,,3:23:00,#6698,diary
2026-03-20,,,1:24:00,#6518,diary
2026-03-20,,,6:44:00,#6698,diary
2026-03-21,,,5:24:00,#6698,diary
2026-03-22,,,3:50:00,#6693,diary
2026-03-22,,,4:40:00,#6698,diary
2026-03-23,,,7:25:00,#6693,diary
2026-03-25,,,2:23:00,#6624,diary
2026-03-25,,,0:47:00,#6630,diary
2026-03-25,,,4:08:00,#6693,diary
2026-03-25,,,1:58:00,#6693,diary
2026-03-25,,,5:08:00,#6703,diary
2026-03-25,,,1:19:00,#6703,diary
2026-03-26,,,3:47:00,#6624,diary
2026-03-26,,,4:41:00,#6698,diary
2026-03-27,,,1:45:00,#6394,diary
2026-03-27,,,4:54:00,#6698,diary
2026-03-28,,,3:26:00,#6394,diary
2026-03-28,,,2:16:00,#6417,diary
2026-03-28,,,0:29:00,#6427,diary
2026-03-28,,,0:35:00,#6728,diary
2026-03-29,,,2:18:00,#6428,diary
2026-03-29,,,3:52:00,#6429,diary
2026-03-29,,,0:46:00,#6438,diary
2026-03-30,,,5:42:00,#6429,diary
2026-03-31,,,2:28:00,#6429,diary
2026-03-31,,,2:01:00,#6722,diary
2026-03-31,,,1:22:00,#6741,diary
2026-04-01,,,4:42:00,#6722,diary
2026-04-01,,,1:57:00,#6741,diary
2026-04-02,,,2:23:00,#6438,diary
2026-04-02,,,4:42:00,#6722,diary
2026-04-03,,,8:13:00,#6722,diary
2026-04-04,,,9:33:00,#6644,diary
2026-04-05,,,7:04:00,#6644,diary
2026-04-06,,,4:06:00,#6644,diary
2026-04-07,,,6:39:00,#6644,diary
2026-04-08,,,2:49:00,#6644,diary
2026-04-09,,,8:44:00,#6644,diary
2026-04-10,,,9:06:00,#6644,diary
2026-04-11,,,8:23:00,#6644,diary
2026-04-11,,,1:55:00,#6758,diary
2026-04-12,,,1:18:00,#6333,diary
2026-04-12,,,5:51:00,#6644,diary
2026-04-13,,,1:18:00,#6539,diary
2026-04-13,,,3:35:00,#6644,diary
2026-04-13,,,2:29:00,#6670,diary
2026-04-13,,,1:52:00,#6681,diary
2026-04-13,,,1:14:00,#6741,diary
2026-04-14,,,9:16:00,#6491,diary
2026-04-15,,,8:57:00,#6491,diary
2026-04-16,,,8:38:00,#6491,diary
2026-04-17,,,9:35:00,#6491,diary
2026-04-18,,,7:21:00,#6035,diary
2026-04-18,,,1:35:00,#6491,diary
2026-04-19,,,8:54:00,#6035,diary
2026-04-20,,,2:51:00,#6035,diary
2026-04-20,,,3:29:00,#6587,diary
2026-04-21,,,8:06:00,#6587,diary
2026-04-22,,,7:15:00,#6587,diary
2026-04-23,,,1:52:00,#6587,diary
2026-04-23,,,5:07:00,#6777,diary
2026-04-24,,,6:56:00,#6587,diary
2026-04-25,,,4:29:00,#6587,diary
2026-04-25,,,3:20:00,#6780,diary
2026-04-26,,,3:43:00,#6491,diary
2026-04-26,,,4:40:00,#6780,diary
2026-04-27,,,6:04:00,#6491,diary
2026-04-27,,,2:15:00,#6777,diary
2026-04-28,,,7:44:00,#6777,diary
2026-04-28,,,1:04:00,#6784,diary
2026-04-29,,,6:56:00,#6784,diary
2026-04-30,,,7:03:00,#67844,diary
2026-05-01,,,7:44:00,#6784,diary
2026-05-02,,,7:40:00,#6784,diary
2026-05-03,,,9:25:00,#6784,diary
2026-05-04,,,8:39:00,#6784,diary
2026-05-05,,,9:13:00,#6784,diary
2026-05-06,,,1:20:00,#6777,diary
2026-05-06,,,3:44:00,#6784,diary
2026-05-07,,,2:21:00,#6491,diary
2026-05-07,,,4:40:00,#6777,diary
2026-05-08,,,8:13:00,#6777,diary
2026-05-09,,,8:55:00,#6777,diary
2026-05-10,,,2:02:00,#5979,diary
2026-05-10,,,5:40:00,#6777,diary
2026-05-10,,,1:53:00,#6872,diary
2026-05-11,,,8:25:00,#5979,diary
2026-05-12,,,5:37:00,#5979,diary
2026-05-13,,,9:06:00,#5979,diary
2026-05-14,,,4:00:00,#5979,diary
2026-05-14,,,4:28:00,#6909,diary
2026-05-15,,,4:04:00,#5979,diary
2026-05-15,,,2:06:00,#6909,diary
2026-05-16,,,5:12:00,#6587,diary
2026-05-17,,,2:40:00,#6587,diary
2026-05-17,,,1:21:00,#6698,diary
2026-05-18,,,2:52:00,#6698,diary
2026-05-18,,,1:39:00,#6925,diary
2026-05-19,,,4:57:00,#6925,diary
2026-05-20,,,3:28:00,#6925,diary
2026-05-21,,,4:39:00,#6925,diary
2026-05-22,,,0:46:00,#5979,diary
2026-05-22,,,1:06:00,#6901,diary
2026-05-22,,,1:34:00,#6908,diary
2026-05-22,,,2:12:00,#6981,diary
2026-05-23,,,4:58:00,#6955,diary
2026-05-24,,,6:24:00,#6955,diary
2026-05-25,,,2:20:00,#6279,diary
2026-05-25,,,3:40:00,#6955,diary
2026-05-26,,,2:41:00,#6485,diary
2026-05-26,,,1:08:00,#6874,diary
2026-05-27,,,1:04:00,#6485,diary
2026-05-27,,,3:54:00,#6961,diary
2026-05-28,,,1:01:00,#6522,diary
2026-05-28,,,2:03:00,#6923,diary
2026-05-28,,,1:56:00,#6961,diary
2026-05-29,,,3:44:00,#6644,diary
2026-05-29,,,0:55:00,#6923,diary
2026-05-30,,,6:49:00,#6739,diary
2026-05-31,,,5:17:00,#6739,diary
2026-06-01,,,3:07:00,#6739,diary
2026-06-01,,,2:14:00,#7028,diary
2026-06-02,,,0:25:00,#6739,diary
2026-06-02,,,5:21:00,#7030,diary
2026-06-03,,,6:16:00,#7030,diary
2026-06-04,,,6:12:00,#7030,diary
2026-06-05,,,2:30:00,#5979,diary
2026-06-05,,,3:05:00,#7030,diary
2026-06-06,,,5:17:00,#5979,diary
2026-06-07,,,5:54:00,#5979,diary
2026-06-08,,,1:14:00,#6739,diary
2026-06-08,,,1:04:00,#7032,diary
2026-06-08,,,2:37:00,#7062,diary
2026-06-09,,,1:11:00,#5979,diary
2026-06-09,,,3:17:00,#7030,diary
2026-06-10,,,0:34:00,#6739,diary
2026-06-10,,,1:34:00,#7030,diary
2026-06-10,,,2:06:00,#7080,diary
2026-06-11,,,0:20:00,#6485,diary
2026-06-11,,,0:24:00,#6961,diary
2026-06-11,,,1:55:00,#7030,diary
2026-06-11,,,1:34:00,#7080,diary
2026-06-12,,,2:49:00,#6739,diary
2026-06-12,,,2:25:00,#7030,diary
2026-06-13,,,4:20:00,#6473,diary
2026-06-13,,,0:58:00,#6739,diary
2026-06-14,,,5:44:00,#6473,diary
2026-06-15,,,6:15:00,#6473,diary
2026-06-17,,,2:52:00,#6473,diary
2026-06-17,,,0:30:00,#6473,diary
2026-06-17,,,2:33:00,#6644,diary
2026-06-17,,,3:24:00,#7014,diary
2026-06-17,,,1:04:00,#7014,diary
2026-06-17,,,0:44:00,#7137,diary
2026-06-18,,,4:37:00,#7014,diary
2026-06-19,,,3:27:00,#7014,diary
2026-06-19,,,1:56:00,#7070,diary
2026-06-20,,,3:36:00,#6077,diary
2026-06-20,,,2:08:00,#7025,diary
2026-06-21,,,7:48:00,#6077,diary
2026-06-22,,,6:22:00,#6077,diary
2026-06-23,,,4:45:00,#6077,diary
2026-06-23,,,3:10:00,#6739,diary
2026-06-24,,,3:42:00,#6077,diary
2026-06-24,,,1:26:00,#6739,diary
2026-06-25,,,3:12:00,#6077,diary
2026-06-25,,,1:51:00,#6473,diary
2026-06-26,,,3:25:00,#6473,diary
2026-06-27,,,3:13:00,#6437,diary
2026-06-27,,,1:24:00,#6473,diary
2026-06-28,,,5:36:00,#6437,diary
2026-06-29,,,4:41:00,#6437,diary
2026-06-30,,,4:22:00,#6437,diary
2026-06-30,,,1:28:00,#7223,diary
2026-07-01,,,1:00:00,#6437,diary
2026-07-01,,,4:39:00,#6473,diary
2026-07-02,,,6:11:00,#6473,diary
2026-07-03,,,5:50:00,#6473,diary
2026-07-04,,,0:16:00,#6437,diary
2026-07-04,,,4:44:00,#7239,diary
2026-07-05,,,5:36:00,#7239,diary
2026-07-06,,,5:19:00,#6437,diary
2026-07-07,,,6:03:00,#6437,diary
2026-07-08,,,1:58:00,#6437,diary
2026-07-08,,,2:34:00,#7255,diary
2026-07-08,,,1:43:00,#7261,diary
2026-07-09,,,4:54:00,#7239,diary
2026-07-09,,,2:51:00,#7261,diary
2026-07-10,,,3:28:00,#7239,diary
2026-07-10,,,1:34:00,#7261,diary
2026-07-11,,,3:18:00,#6437,diary
2026-07-12,,,5:11:00,#6437,diary
2026-07-13,,,6:11:00,#6437,diary
2026-07-14,,,6:10:00,#6437,diary
2026-07-15,,,4:00:00,#6437,diary
2026-07-16,,,1:53:00,#6437,diary
2026-07-17,,,6:20:00,#6437,diary
2026-07-18,,,5:07:00,#6437,diary
2026-07-19,,,6:00:00,#6437,diary
2026-07-20,,,5:45:00,#6437,diary
2026-07-21,,,6:14:00,#7335,diary
2026-07-22,,,5:17:00,#7335,diary
2026-07-23,,,4:38:00,#7335,diary
2026-07-24,,,2:00:00,#6077,diary
2026-07-24,,,1:53:00,#7322,diary
2026-07-24,,,1:00:00,#7335,diary
2026-07-25,,,5:25:00,#7068,diary
2026-07-26,,,6:12:00,#7068,diary
2026-07-27,,,6:17:00,#7068,diary
2026-07-28,,,6:05:00,#7068,diary
2026-07-29,,,6:00:00,#7068,diary
2026-07-30,,,5:30:00,#7068,diary
2026-07-30,,,3:16:00,#7322,diary
2026-07-31,,,1:10:00,#7322,diary
2026-08-01,,,5:35:00,#7322,diary
2026-08-02,,,6:00:00,#7322,diary
2026-08-03,,,6:20:00,#7322,diary
2026-08-04,,,5:55:00,#7322,diary
2026-08-05,,,3:00:00,#7322,diary
2026-08-05,,,2:30:00,#7390,diary
2026-08-07,,,5:20:00,#7346,diary
2026-08-08,,,5:44:00,#7346,diary
2026-08-09,,,6:00:00,#7346,diary
2026-08-10,,,5:46:00,#7346,diary
2026-08-11,,,6:00:00,#6077,diary
2026-08-12,,,6:53:00,#6077,diary
2026-08-13,,,6:45:00,#6077,diary
2026-08-14,,,4:30:00,#6077,diary
2026-08-14,,,1:00:00,#7068,diary
2026-08-15,,,5:27:00,#6077,diary
2026-08-15,,,0:29:00,#7068,diary
2026-08-16,,,6:00:00,#6077,diary
2026-08-17,,,6:40:00,#6077,diary
2026-08-18,,,6:15:00,#6077,diary
2026-08-19,,,7:05:00,#6077,diary
2026-08-20,,,5:43:00,#6077,diary
2026-08-21,,,2:38:00,#6077,diary
2026-08-21,,,2:14:00,#7346,diary
2026-08-22,,,5:07:00,#7346,diary
2026-08-23,,,5:04:00,#7346,diary
2026-08-24,,,1:00:00,#7014,diary
2026-08-24,,,3:49:00,#7346,diary
2026-08-25,,,2:57:00,#7014,diary
2026-08-25,,,0:45:00,#7322,diary
2026-08-26,,,5:54:00,#7014,diary
2026-08-27,,,3:00:00,#7335,diary
2026-08-28,,,2:25:00,#7014,diary
2026-08-28,,,1:00:00,#7346,diary
2026-08-29,,,5:49:00,#7014,diary
2026-08-30,,,6:00:00,#7014,diary
2026-08-31,,,5:06:00,#7014,diary
2026-09-01,,,1:22:00,#7014,diary
2026-09-01,,,4:50:00,#7243,diary
2026-09-02,,,7:09:00,#7243,diary
2026-09-03,,,6:30:00,#7243,diary
2026-09-04,,,6:31:00,#7244,diary
2026-09-05,,,4:48:00,#7282,diary
2026-09-06,,,3:58:00,#7282,diary
2026-09-07,,,7:27:00,#7282,diary
2026-09-08,,,5:52:00,#7282,diary
2026-09-09,,,6:06:00,#7282,diary
2026-09-10,,,5:06:00,#6077,diary
2026-09-10,,,1:10:00,#6437,diary
2026-09-11,,,5:07:00,#7282,diary
2026-09-12,,,1:52:00,#7282,diary
2026-09-12,,,3:00:00,#7450,diary
2026-09-13,,,2:37:00,#7198,diary
2026-09-13,,,2:00:00,#7450,diary
2026-09-14,,,1:00:00,#6077,diary
2026-09-14,,,4:40:00,#7198,diary
2026-09-15,,,5:30:00,#6077,diary
2026-09-16,,,5:45:00,#6077,diary
2026-09-17,,,5:36:00,#6077,diary
2026-09-18,,,5:54:00,#6077,diary
2026-09-19,,,5:00:00,#6077,diary
2026-09-20,,,6:00:00,#6077,diary
2026-09-21,,,4:54:19,А портал,screenshot
2026-09-21,,,0:15:47,Документация,screenshot
2026-09-21,,,0:15:00,Отчётность,screenshot
2026-09-22,10:00:00,12:00:00,2:00:00,А портал,screenshot
2026-09-22,13:00:00,14:00:00,1:00:00,А портал,screenshot
2026-09-22,16:45:00,18:45:00,2:00:00,А портал,screenshot
2026-09-22,20:15:00,21:14:00,0:59:00,А портал,screenshot
2026-09-23,10:10:00,12:45:00,2:35:00,А портал,screenshot
2026-09-23,13:45:00,18:00:00,4:15:00,А портал,screenshot
2026-09-24,09:00:00,10:00:00,1:00:00,А портал,screenshot
2026-09-24,11:30:00,16:30:00,5:00:00,Б портал,screenshot
2026-09-25,10:30:00,11:30:00,1:00:00,А портал,screenshot
2026-09-25,11:30:00,14:30:00,3:00:00,Б портал,screenshot
2026-09-25,14:30:00,17:30:00,3:00:00,В портал,screenshot
2026-09-25,17:30:00,18:00:00,0:30:00,Связь портал,screenshot
2026-09-26,14:40:00,15:40:00,1:00:00,А портал,screenshot
2026-09-26,15:40:00,17:40:00,2:00:00,А портал,screenshot
2026-09-26,17:40:00,20:46:00,3:06:00,Б портал,screenshot
2026-09-27,15:45:00,16:45:00,1:00:00,А портал,screenshot
2026-09-27,16:45:00,21:10:00,4:25:00,Б портал,screenshot
2026-09-28,07:25:39,07:56:07,0:30:28,Отчётность,tracker
2026-09-28,13:00:00,18:30:00,5:30:00,А портал,tracker
2026-09-28,18:30:00,18:50:00,0:20:00,Связь портал,tracker
2026-09-29,13:00:00,13:55:00,0:55:00,А портал,tracker
2026-09-29,13:55:00,19:30:00,5:35:00,Б портал,tracker
2026-09-30,06:29:24,07:03:24,0:34:00,А портал,tracker
2026-09-30,14:00:00,17:00:00,3:00:00,А портал,tracker
2026-09-30,20:15:00,22:04:00,1:49:00,А портал,tracker
2026-10-01,06:57:10,07:14:00,0:16:50,Отчётность,tracker
2026-10-01,16:31:00,22:47:00,6:16:00,А портал,tracker
2026-10-02,16:09:00,22:17:00,6:08:00,А портал,tracker
2026-10-03,13:00:00,17:30:00,4:30:00,А портал,tracker
2026-10-03,21:30:00,22:19:00,0:49:00,А портал,tracker
